i,x,y,lon,lat,muni_code,muni_name,zone_id,zone_name
0,0,0,138.95,35.82,,,-1,
1,1,0,138.961807,35.82,,,-1,
2,2,0,138.973614,35.82,13308,奥多摩町,0,西多摩
3,3,0,138.985422,35.82,13308,奥多摩町,0,西多摩
4,4,0,138.997229,35.82,13308,奥多摩町,0,西多摩
5,5,0,139.009036,35.82,13308,奥多摩町,0,西多摩
6,6,0,139.020843,35.82,13308,奥多摩町,0,西多摩
7,7,0,139.032651,35.82,13308,奥多摩町,0,西多摩
8,8,0,139.044458,35.82,13308,奥多摩町,0,西多摩
9,9,0,139.056265,35.82,13308,奥多摩町,0,西多摩
10,10,0,139.068072,35.82,13308,奥多摩町,0,西多摩
11,11,0,139.07988,35.82,13308,奥多摩町,0,西多摩
12,12,0,139.091687,35.82,13308,奥多摩町,0,西多摩
13,13,0,139.103494,35.82,13308,奥多摩町,0,西多摩
14,14,0,139.115301,35.82,13308,奥多摩町,0,西多摩
15,15,0,139.127108,35.82,13308,奥多摩町,0,西多摩
16,16,0,139.138916,35.82,13308,奥多摩町,0,西多摩
17,17,0,139.150723,35.82,13308,奥多摩町,0,西多摩
18,18,0,139.16253,35.82,13308,奥多摩町,0,西多摩
19,19,0,139.174337,35.82,13308,奥多摩町,0,西多摩
20,20,0,139.186145,35.82,13205,青梅市,0,西多摩
21,21,0,139.197952,35.82,13205,青梅市,0,西多摩
22,22,0,139.209759,35.82,13205,青梅市,0,西多摩
23,23,0,139.221566,35.82,13205,青梅市,0,西多摩
24,24,0,139.233373,35.82,13205,青梅市,0,西多摩
25,25,0,139.245181,35.82,13205,青梅市,0,西多摩
26,26,0,139.256988,35.82,13205,青梅市,0,西多摩
27,27,0,139.268795,35.82,13205,青梅市,0,西多摩
28,28,0,139.280602,35.82,13205,青梅市,0,西多摩
29,29,0,139.29241,35.82,13205,青梅市,0,西多摩
30,30,0,139.304217,35.82,13205,青梅市,0,西多摩
31,31,0,139.316024,35.82,13205,青梅市,0,西多摩
32,32,0,139.327831,35.82,,,-1,
33,33,0,139.339639,35.82,,,-1,
34,34,0,139.351446,35.82,,,-1,
35,35,0,139.363253,35.82,,,-1,
36,36,0,139.37506,35.82,,,-1,
37,37,0,139.386867,35.82,,,-1,
38,38,0,139.398675,35.82,,,-1,
39,39,0,139.410482,35.82,,,-1,
40,40,0,139.422289,35.82,,,-1,
41,41,0,139.434096,35.82,,,-1,
42,42,0,139.445904,35.82,,,-1,
43,43,0,139.457711,35.82,,,-1,
44,44,0,139.469518,35.82,,,-1,
45,45,0,139.481325,35.82,,,-1,
46,46,0,139.493133,35.82,,,-1,
47,47,0,139.50494,35.82,,,-1,
48,48,0,139.516747,35.82,,,-1,
49,49,0,139.528554,35.82,,,-1,
50,50,0,139.540361,35.82,,,-1,
51,51,0,139.552169,35.82,,,-1,
52,52,0,139.563976,35.82,,,-1,
53,53,0,139.575783,35.82,,,-1,
54,54,0,139.58759,35.82,,,-1,
55,55,0,139.599398,35.82,,,-1,
56,56,0,139.611205,35.82,,,-1,
57,57,0,139.623012,35.82,,,-1,
58,58,0,139.634819,35.82,,,-1,
59,59,0,139.646627,35.82,,,-1,
60,60,0,139.658434,35.82,,,-1,
61,61,0,139.670241,35.82,,,-1,
62,62,0,139.682048,35.82,,,-1,
63,63,0,139.693855,35.82,,,-1,
64,64,0,139.705663,35.82,,,-1,
65,65,0,139.71747,35.82,,,-1,
66,66,0,139.729277,35.82,,,-1,
67,67,0,139.741084,35.82,,,-1,
68,68,0,139.752892,35.82,,,-1,
69,69,0,139.764699,35.82,,,-1,
70,70,0,139.776506,35.82,,,-1,
71,71,0,139.788313,35.82,,,-1,
72,72,0,139.80012,35.82,,,-1,
73,73,0,139.811928,35.82,,,-1,
74,74,0,139.823735,35.82,,,-1,
75,75,0,139.835542,35.82,,,-1,
76,76,0,139.847349,35.82,,,-1,
77,77,0,139.859157,35.82,,,-1,
78,78,0,139.870964,35.82,,,-1,
79,79,0,139.882771,35.82,,,-1,
80,80,0,139.894578,35.82,,,-1,
81,81,0,139.906386,35.82,,,-1,
82,82,0,139.918193,35.82,,,-1,
83,83,0,139.93,35.82,,,-1,
84,0,1,138.95,35.8084,,,-1,
85,1,1,138.961807,35.8084,,,-1,
86,2,1,138.973614,35.8084,13308,奥多摩町,0,西多摩
87,3,1,138.985422,35.8084,13308,奥多摩町,0,西多摩
88,4,1,138.997229,35.8084,13308,奥多摩町,0,西多摩
89,5,1,139.009036,35.8084,13308,奥多摩町,0,西多摩
90,6,1,139.020843,35.8084,13308,奥多摩町,0,西多摩
91,7,1,139.032651,35.8084,13308,奥多摩町,0,西多摩
92,8,1,139.044458,35.8084,13308,奥多摩町,0,西多摩
93,9,1,139.056265,35.8084,13308,奥多摩町,0,西多摩
94,10,1,139.068072,35.8084,13308,奥多摩町,0,西多摩
95,11,1,139.07988,35.8084,13308,奥多摩町,0,西多摩
96,12,1,139.091687,35.8084,13308,奥多摩町,0,西多摩
97,13,1,139.103494,35.8084,13308,奥多摩町,0,西多摩
98,14,1,139.115301,35.8084,13308,奥多摩町,0,西多摩
99,15,1,139.127108,35.8084,13308,奥多摩町,0,西多摩
100,16,1,139.138916,35.8084,13308,奥多摩町,0,西多摩
101,17,1,139.150723,35.8084,13308,奥多摩町,0,西多摩
102,18,1,139.16253,35.8084,13308,奥多摩町,0,西多摩
103,19,1,139.174337,35.8084,13308,奥多摩町,0,西多摩
104,20,1,139.186145,35.8084,13205,青梅市,0,西多摩
105,21,1,139.197952,35.8084,13205,青梅市,0,西多摩
106,22,1,139.209759,35.8084,13205,青梅市,0,西多摩
107,23,1,139.221566,35.8084,13205,青梅市,0,西多摩
108,24,1,139.233373,35.8084,13205,青梅市,0,西多摩
109,25,1,139.245181,35.8084,13205,青梅市,0,西多摩
110,26,1,139.256988,35.8084,13205,青梅市,0,西多摩
111,27,1,139.268795,35.8084,13205,青梅市,0,西多摩
112,28,1,139.280602,35.8084,13205,青梅市,0,西多摩
113,29,1,139.29241,35.8084,13205,青梅市,0,西多摩
114,30,1,139.304217,35.8084,13205,青梅市,0,西多摩
115,31,1,139.316024,35.8084,13205,青梅市,0,西多摩
116,32,1,139.327831,35.8084,,,-1,
117,33,1,139.339639,35.8084,,,-1,
118,34,1,139.351446,35.8084,,,-1,
119,35,1,139.363253,35.8084,,,-1,
120,36,1,139.37506,35.8084,,,-1,
121,37,1,139.386867,35.8084,,,-1,
122,38,1,139.398675,35.8084,,,-1,
123,39,1,139.410482,35.8084,,,-1,
124,40,1,139.422289,35.8084,,,-1,
125,41,1,139.434096,35.8084,,,-1,
126,42,1,139.445904,35.8084,,,-1,
127,43,1,139.457711,35.8084,,,-1,
128,44,1,139.469518,35.8084,,,-1,
129,45,1,139.481325,35.8084,,,-1,
130,46,1,139.493133,35.8084,,,-1,
131,47,1,139.50494,35.8084,,,-1,
132,48,1,139.516747,35.8084,,,-1,
133,49,1,139.528554,35.8084,,,-1,
134,50,1,139.540361,35.8084,,,-1,
135,51,1,139.552169,35.8084,,,-1,
136,52,1,139.563976,35.8084,,,-1,
137,53,1,139.575783,35.8084,,,-1,
138,54,1,139.58759,35.8084,,,-1,
139,55,1,139.599398,35.8084,,,-1,
140,56,1,139.611205,35.8084,,,-1,
141,57,1,139.623012,35.8084,,,-1,
142,58,1,139.634819,35.8084,,,-1,
143,59,1,139.646627,35.8084,,,-1,
144,60,1,139.658434,35.8084,,,-1,
145,61,1,139.670241,35.8084,,,-1,
146,62,1,139.682048,35.8084,,,-1,
147,63,1,139.693855,35.8084,,,-1,
148,64,1,139.705663,35.8084,,,-1,
149,65,1,139.71747,35.8084,,,-1,
150,66,1,139.729277,35.8084,,,-1,
151,67,1,139.741084,35.8084,,,-1,
152,68,1,139.752892,35.8084,13121,足立区,5,城東
153,69,1,139.764699,35.8084,13121,足立区,5,城東
154,70,1,139.776506,35.8084,13121,足立区,5,城東
155,71,1,139.788313,35.8084,,,-1,
156,72,1,139.80012,35.8084,,,-1,
157,73,1,139.811928,35.8084,,,-1,
158,74,1,139.823735,35.8084,,,-1,
159,75,1,139.835542,35.8084,,,-1,
160,76,1,139.847349,35.8084,,,-1,
161,77,1,139.859157,35.8084,,,-1,
162,78,1,139.870964,35.8084,,,-1,
163,79,1,139.882771,35.8084,,,-1,
164,80,1,139.894578,35.8084,,,-1,
165,81,1,139.906386,35.8084,,,-1,
166,82,1,139.918193,35.8084,,,-1,
167,83,1,139.93,35.8084,,,-1,
168,0,2,138.95,35.7968,,,-1,
169,1,2,138.961807,35.7968,,,-1,
170,2,2,138.973614,35.7968,,,-1,
171,3,2,138.985422,35.7968,13308,奥多摩町,0,西多摩
172,4,2,138.997229,35.7968,13308,奥多摩町,0,西多摩
173,5,2,139.009036,35.7968,13308,奥多摩町,0,西多摩
174,6,2,139.020843,35.7968,13308,奥多摩町,0,西多摩
175,7,2,139.032651,35.7968,13308,奥多摩町,0,西多摩
176,8,2,139.044458,35.7968,13308,奥多摩町,0,西多摩
177,9,2,139.056265,35.7968,13308,奥多摩町,0,西多摩
178,10,2,139.068072,35.7968,13308,奥多摩町,0,西多摩
179,11,2,139.07988,35.7968,13308,奥多摩町,0,西多摩
180,12,2,139.091687,35.7968,13308,奥多摩町,0,西多摩
181,13,2,139.103494,35.7968,13308,奥多摩町,0,西多摩
182,14,2,139.115301,35.7968,13308,奥多摩町,0,西多摩
183,15,2,139.127108,35.7968,13308,奥多摩町,0,西多摩
184,16,2,139.138916,35.7968,13308,奥多摩町,0,西多摩
185,17,2,139.150723,35.7968,13308,奥多摩町,0,西多摩
186,18,2,139.16253,35.7968,13205,青梅市,0,西多摩
187,19,2,139.174337,35.7968,13205,青梅市,0,西多摩
188,20,2,139.186145,35.7968,13205,青梅市,0,西多摩
189,21,2,139.197952,35.7968,13205,青梅市,0,西多摩
190,22,2,139.209759,35.7968,13205,青梅市,0,西多摩
191,23,2,139.221566,35.7968,13205,青梅市,0,西多摩
192,24,2,139.233373,35.7968,13205,青梅市,0,西多摩
193,25,2,139.245181,35.7968,13205,青梅市,0,西多摩
194,26,2,139.256988,35.7968,13205,青梅市,0,西多摩
195,27,2,139.268795,35.7968,13205,青梅市,0,西多摩
196,28,2,139.280602,35.7968,13205,青梅市,0,西多摩
197,29,2,139.29241,35.7968,13205,青梅市,0,西多摩
198,30,2,139.304217,35.7968,13205,青梅市,0,西多摩
199,31,2,139.316024,35.7968,13205,青梅市,0,西多摩
200,32,2,139.327831,35.7968,,,-1,
201,33,2,139.339639,35.7968,,,-1,
202,34,2,139.351446,35.7968,,,-1,
203,35,2,139.363253,35.7968,,,-1,
204,36,2,139.37506,35.7968,,,-1,
205,37,2,139.386867,35.7968,,,-1,
206,38,2,139.398675,35.7968,,,-1,
207,39,2,139.410482,35.7968,,,-1,
208,40,2,139.422289,35.7968,,,-1,
209,41,2,139.434096,35.7968,,,-1,
210,42,2,139.445904,35.7968,,,-1,
211,43,2,139.457711,35.7968,,,-1,
212,44,2,139.469518,35.7968,,,-1,
213,45,2,139.481325,35.7968,,,-1,
214,46,2,139.493133,35.7968,,,-1,
215,47,2,139.50494,35.7968,,,-1,
216,48,2,139.516747,35.7968,,,-1,
217,49,2,139.528554,35.7968,,,-1,
218,50,2,139.540361,35.7968,13221,清瀬市,1,多摩中部
219,51,2,139.552169,35.7968,,,-1,
220,52,2,139.563976,35.7968,,,-1,
221,53,2,139.575783,35.7968,,,-1,
222,54,2,139.58759,35.7968,,,-1,
223,55,2,139.599398,35.7968,,,-1,
224,56,2,139.611205,35.7968,,,-1,
225,57,2,139.623012,35.7968,,,-1,
226,58,2,139.634819,35.7968,,,-1,
227,59,2,139.646627,35.7968,13119,板橋区,3,区部西
228,60,2,139.658434,35.7968,13119,板橋区,3,区部西
229,61,2,139.670241,35.7968,13119,板橋区,3,区部西
230,62,2,139.682048,35.7968,13119,板橋区,3,区部西
231,63,2,139.693855,35.7968,13119,板橋区,3,区部西
232,64,2,139.705663,35.7968,,,-1,
233,65,2,139.71747,35.7968,,,-1,
234,66,2,139.729277,35.7968,,,-1,
235,67,2,139.741084,35.7968,,,-1,
236,68,2,139.752892,35.7968,,,-1,
237,69,2,139.764699,35.7968,13121,足立区,5,城東
238,70,2,139.776506,35.7968,13121,足立区,5,城東
239,71,2,139.788313,35.7968,13121,足立区,5,城東
240,72,2,139.80012,35.7968,13121,足立区,5,城東
241,73,2,139.811928,35.7968,13121,足立区,5,城東
242,74,2,139.823735,35.7968,,,-1,
243,75,2,139.835542,35.7968,13121,足立区,5,城東
244,76,2,139.847349,35.7968,,,-1,
245,77,2,139.859157,35.7968,,,-1,
246,78,2,139.870964,35.7968,13122,葛飾区,5,城東
247,79,2,139.882771,35.7968,,,-1,
248,80,2,139.894578,35.7968,,,-1,
249,81,2,139.906386,35.7968,,,-1,
250,82,2,139.918193,35.7968,,,-1,
251,83,2,139.93,35.7968,,,-1,
252,0,3,138.95,35.7852,,,-1,
253,1,3,138.961807,35.7852,,,-1,
254,2,3,138.973614,35.7852,,,-1,
255,3,3,138.985422,35.7852,13308,奥多摩町,0,西多摩
256,4,3,138.997229,35.7852,13308,奥多摩町,0,西多摩
257,5,3,139.009036,35.7852,13308,奥多摩町,0,西多摩
258,6,3,139.020843,35.7852,13308,奥多摩町,0,西多摩
259,7,3,139.032651,35.7852,13308,奥多摩町,0,西多摩
260,8,3,139.044458,35.7852,13308,奥多摩町,0,西多摩
261,9,3,139.056265,35.7852,13308,奥多摩町,0,西多摩
262,10,3,139.068072,35.7852,13308,奥多摩町,0,西多摩
263,11,3,139.07988,35.7852,13308,奥多摩町,0,西多摩
264,12,3,139.091687,35.7852,13308,奥多摩町,0,西多摩
265,13,3,139.103494,35.7852,13308,奥多摩町,0,西多摩
266,14,3,139.115301,35.7852,13308,奥多摩町,0,西多摩
267,15,3,139.127108,35.7852,13308,奥多摩町,0,西多摩
268,16,3,139.138916,35.7852,13308,奥多摩町,0,西多摩
269,17,3,139.150723,35.7852,13205,青梅市,0,西多摩
270,18,3,139.16253,35.7852,13205,青梅市,0,西多摩
271,19,3,139.174337,35.7852,13205,青梅市,0,西多摩
272,20,3,139.186145,35.7852,13305,日の出町,0,西多摩
273,21,3,139.197952,35.7852,13305,日の出町,0,西多摩
274,22,3,139.209759,35.7852,13205,青梅市,0,西多摩
275,23,3,139.221566,35.7852,13205,青梅市,0,西多摩
276,24,3,139.233373,35.7852,13205,青梅市,0,西多摩
277,25,3,139.245181,35.7852,13205,青梅市,0,西多摩
278,26,3,139.256988,35.7852,13205,青梅市,0,西多摩
279,27,3,139.268795,35.7852,13205,青梅市,0,西多摩
280,28,3,139.280602,35.7852,13205,青梅市,0,西多摩
281,29,3,139.29241,35.7852,13205,青梅市,0,西多摩
282,30,3,139.304217,35.7852,13205,青梅市,0,西多摩
283,31,3,139.316024,35.7852,13205,青梅市,0,西多摩
284,32,3,139.327831,35.7852,13303,瑞穂町,0,西多摩
285,33,3,139.339639,35.7852,13303,瑞穂町,0,西多摩
286,34,3,139.351446,35.7852,13303,瑞穂町,0,西多摩
287,35,3,139.363253,35.7852,13303,瑞穂町,0,西多摩
288,36,3,139.37506,35.7852,,,-1,
289,37,3,139.386867,35.7852,,,-1,
290,38,3,139.398675,35.7852,,,-1,
291,39,3,139.410482,35.7852,,,-1,
292,40,3,139.422289,35.7852,,,-1,
293,41,3,139.434096,35.7852,,,-1,
294,42,3,139.445904,35.7852,,,-1,
295,43,3,139.457711,35.7852,,,-1,
296,44,3,139.469518,35.7852,,,-1,
297,45,3,139.481325,35.7852,,,-1,
298,46,3,139.493133,35.7852,,,-1,
299,47,3,139.50494,35.7852,,,-1,
300,48,3,139.516747,35.7852,13221,清瀬市,1,多摩中部
301,49,3,139.528554,35.7852,13221,清瀬市,1,多摩中部
302,50,3,139.540361,35.7852,13221,清瀬市,1,多摩中部
303,51,3,139.552169,35.7852,,,-1,
304,52,3,139.563976,35.7852,,,-1,
305,53,3,139.575783,35.7852,,,-1,
306,54,3,139.58759,35.7852,,,-1,
307,55,3,139.599398,35.7852,,,-1,
308,56,3,139.611205,35.7852,,,-1,
309,57,3,139.623012,35.7852,,,-1,
310,58,3,139.634819,35.7852,13119,板橋区,3,区部西
311,59,3,139.646627,35.7852,13119,板橋区,3,区部西
312,60,3,139.658434,35.7852,13119,板橋区,3,区部西
313,61,3,139.670241,35.7852,13119,板橋区,3,区部西
314,62,3,139.682048,35.7852,13119,板橋区,3,区部西
315,63,3,139.693855,35.7852,13117,北区,3,区部西
316,64,3,139.705663,35.7852,13117,北区,3,区部西
317,65,3,139.71747,35.7852,13117,北区,3,区部西
318,66,3,139.729277,35.7852,13117,北区,3,区部西
319,67,3,139.741084,35.7852,,,-1,
320,68,3,139.752892,35.7852,13121,足立区,5,城東
321,69,3,139.764699,35.7852,13121,足立区,5,城東
322,70,3,139.776506,35.7852,13121,足立区,5,城東
323,71,3,139.788313,35.7852,13121,足立区,5,城東
324,72,3,139.80012,35.7852,13121,足立区,5,城東
325,73,3,139.811928,35.7852,13121,足立区,5,城東
326,74,3,139.823735,35.7852,13121,足立区,5,城東
327,75,3,139.835542,35.7852,13121,足立区,5,城東
328,76,3,139.847349,35.7852,13122,葛飾区,5,城東
329,77,3,139.859157,35.7852,13122,葛飾区,5,城東
330,78,3,139.870964,35.7852,13122,葛飾区,5,城東
331,79,3,139.882771,35.7852,,,-1,
332,80,3,139.894578,35.7852,,,-1,
333,81,3,139.906386,35.7852,,,-1,
334,82,3,139.918193,35.7852,,,-1,
335,83,3,139.93,35.7852,,,-1,
336,0,4,138.95,35.7736,,,-1,
337,1,4,138.961807,35.7736,,,-1,
338,2,4,138.973614,35.7736,,,-1,
339,3,4,138.985422,35.7736,13308,奥多摩町,0,西多摩
340,4,4,138.997229,35.7736,13308,奥多摩町,0,西多摩
341,5,4,139.009036,35.7736,13308,奥多摩町,0,西多摩
342,6,4,139.020843,35.7736,13308,奥多摩町,0,西多摩
343,7,4,139.032651,35.7736,13308,奥多摩町,0,西多摩
344,8,4,139.044458,35.7736,13308,奥多摩町,0,西多摩
345,9,4,139.056265,35.7736,13308,奥多摩町,0,西多摩
346,10,4,139.068072,35.7736,13308,奥多摩町,0,西多摩
347,11,4,139.07988,35.7736,13308,奥多摩町,0,西多摩
348,12,4,139.091687,35.7736,13308,奥多摩町,0,西多摩
349,13,4,139.103494,35.7736,13307,檜原村,0,西多摩
350,14,4,139.115301,35.7736,13308,奥多摩町,0,西多摩
351,15,4,139.127108,35.7736,13308,奥多摩町,0,西多摩
352,16,4,139.138916,35.7736,13205,青梅市,0,西多摩
353,17,4,139.150723,35.7736,13228,あきる野市,0,西多摩
354,18,4,139.16253,35.7736,13228,あきる野市,0,西多摩
355,19,4,139.174337,35.7736,13305,日の出町,0,西多摩
356,20,4,139.186145,35.7736,13305,日の出町,0,西多摩
357,21,4,139.197952,35.7736,13305,日の出町,0,西多摩
358,22,4,139.209759,35.7736,13305,日の出町,0,西多摩
359,23,4,139.221566,35.7736,13205,青梅市,0,西多摩
360,24,4,139.233373,35.7736,13205,青梅市,0,西多摩
361,25,4,139.245181,35.7736,13205,青梅市,0,西多摩
362,26,4,139.256988,35.7736,13205,青梅市,0,西多摩
363,27,4,139.268795,35.7736,13205,青梅市,0,西多摩
364,28,4,139.280602,35.7736,13205,青梅市,0,西多摩
365,29,4,139.29241,35.7736,13205,青梅市,0,西多摩
366,30,4,139.304217,35.7736,13227,羽村市,0,西多摩
367,31,4,139.316024,35.7736,13227,羽村市,0,西多摩
368,32,4,139.327831,35.7736,13303,瑞穂町,0,西多摩
369,33,4,139.339639,35.7736,13303,瑞穂町,0,西多摩
370,34,4,139.351446,35.7736,13303,瑞穂町,0,西多摩
371,35,4,139.363253,35.7736,13303,瑞穂町,0,西多摩
372,36,4,139.37506,35.7736,13303,瑞穂町,0,西多摩
373,37,4,139.386867,35.7736,,,-1,
374,38,4,139.398675,35.7736,,,-1,
375,39,4,139.410482,35.7736,,,-1,
376,40,4,139.422289,35.7736,,,-1,
377,41,4,139.434096,35.7736,,,-1,
378,42,4,139.445904,35.7736,,,-1,
379,43,4,139.457711,35.7736,,,-1,
380,44,4,139.469518,35.7736,13213,東村山市,1,多摩中部
381,45,4,139.481325,35.7736,13213,東村山市,1,多摩中部
382,46,4,139.493133,35.7736,13213,東村山市,1,多摩中部
383,47,4,139.50494,35.7736,13221,清瀬市,1,多摩中部
384,48,4,139.516747,35.7736,13221,清瀬市,1,多摩中部
385,49,4,139.528554,35.7736,13221,清瀬市,1,多摩中部
386,50,4,139.540361,35.7736,,,-1,
387,51,4,139.552169,35.7736,,,-1,
388,52,4,139.563976,35.7736,,,-1,
389,53,4,139.575783,35.7736,,,-1,
390,54,4,139.58759,35.7736,13120,練馬区,3,区部西
391,55,4,139.599398,35.7736,13120,練馬区,3,区部西
392,56,4,139.611205,35.7736,,,-1,
393,57,4,139.623012,35.7736,,,-1,
394,58,4,139.634819,35.7736,13119,板橋区,3,区部西
395,59,4,139.646627,35.7736,13119,板橋区,3,区部西
396,60,4,139.658434,35.7736,13119,板橋区,3,区部西
397,61,4,139.670241,35.7736,13119,板橋区,3,区部西
398,62,4,139.682048,35.7736,13119,板橋区,3,区部西
399,63,4,139.693855,35.7736,13119,板橋区,3,区部西
400,64,4,139.705663,35.7736,13117,北区,3,区部西
401,65,4,139.71747,35.7736,13117,北区,3,区部西
402,66,4,139.729277,35.7736,13117,北区,3,区部西
403,67,4,139.741084,35.7736,13121,足立区,5,城東
404,68,4,139.752892,35.7736,13121,足立区,5,城東
405,69,4,139.764699,35.7736,13121,足立区,5,城東
406,70,4,139.776506,35.7736,13121,足立区,5,城東
407,71,4,139.788313,35.7736,13121,足立区,5,城東
408,72,4,139.80012,35.7736,13121,足立区,5,城東
409,73,4,139.811928,35.7736,13121,足立区,5,城東
410,74,4,139.823735,35.7736,13121,足立区,5,城東
411,75,4,139.835542,35.7736,13121,足立区,5,城東
412,76,4,139.847349,35.7736,13121,足立区,5,城東
413,77,4,139.859157,35.7736,13122,葛飾区,5,城東
414,78,4,139.870964,35.7736,13122,葛飾区,5,城東
415,79,4,139.882771,35.7736,13122,葛飾区,5,城東
416,80,4,139.894578,35.7736,,,-1,
417,81,4,139.906386,35.7736,,,-1,
418,82,4,139.918193,35.7736,,,-1,
419,83,4,139.93,35.7736,,,-1,
420,0,5,138.95,35.762,,,-1,
421,1,5,138.961807,35.762,,,-1,
422,2,5,138.973614,35.762,,,-1,
423,3,5,138.985422,35.762,,,-1,
424,4,5,138.997229,35.762,13308,奥多摩町,0,西多摩
425,5,5,139.009036,35.762,13308,奥多摩町,0,西多摩
426,6,5,139.020843,35.762,13308,奥多摩町,0,西多摩
427,7,5,139.032651,35.762,13308,奥多摩町,0,西多摩
428,8,5,139.044458,35.762,13308,奥多摩町,0,西多摩
429,9,5,139.056265,35.762,13307,檜原村,0,西多摩
430,10,5,139.068072,35.762,13307,檜原村,0,西多摩
431,11,5,139.07988,35.762,13307,檜原村,0,西多摩
432,12,5,139.091687,35.762,13307,檜原村,0,西多摩
433,13,5,139.103494,35.762,13307,檜原村,0,西多摩
434,14,5,139.115301,35.762,13307,檜原村,0,西多摩
435,15,5,139.127108,35.762,13307,檜原村,0,西多摩
436,16,5,139.138916,35.762,13307,檜原村,0,西多摩
437,17,5,139.150723,35.762,13228,あきる野市,0,西多摩
438,18,5,139.16253,35.762,13228,あきる野市,0,西多摩
439,19,5,139.174337,35.762,13228,あきる野市,0,西多摩
440,20,5,139.186145,35.762,13228,あきる野市,0,西多摩
441,21,5,139.197952,35.762,13305,日の出町,0,西多摩
442,22,5,139.209759,35.762,13305,日の出町,0,西多摩
443,23,5,139.221566,35.762,13305,日の出町,0,西多摩
444,24,5,139.233373,35.762,13305,日の出町,0,西多摩
445,25,5,139.245181,35.762,13305,日の出町,0,西多摩
446,26,5,139.256988,35.762,13205,青梅市,0,西多摩
447,27,5,139.268795,35.762,13205,青梅市,0,西多摩
448,28,5,139.280602,35.762,13205,青梅市,0,西多摩
449,29,5,139.29241,35.762,13205,青梅市,0,西多摩
450,30,5,139.304217,35.762,13227,羽村市,0,西多摩
451,31,5,139.316024,35.762,13227,羽村市,0,西多摩
452,32,5,139.327831,35.762,13227,羽村市,0,西多摩
453,33,5,139.339639,35.762,13303,瑞穂町,0,西多摩
454,34,5,139.351446,35.762,13303,瑞穂町,0,西多摩
455,35,5,139.363253,35.762,13223,武蔵村山市,1,多摩中部
456,36,5,139.37506,35.762,13223,武蔵村山市,1,多摩中部
457,37,5,139.386867,35.762,13223,武蔵村山市,1,多摩中部
458,38,5,139.398675,35.762,13223,武蔵村山市,1,多摩中部
459,39,5,139.410482,35.762,13220,東大和市,1,多摩中部
460,40,5,139.422289,35.762,13220,東大和市,1,多摩中部
461,41,5,139.434096,35.762,13220,東大和市,1,多摩中部
462,42,5,139.445904,35.762,13213,東村山市,1,多摩中部
463,43,5,139.457711,35.762,13213,東村山市,1,多摩中部
464,44,5,139.469518,35.762,13213,東村山市,1,多摩中部
465,45,5,139.481325,35.762,13213,東村山市,1,多摩中部
466,46,5,139.493133,35.762,13213,東村山市,1,多摩中部
467,47,5,139.50494,35.762,13221,清瀬市,1,多摩中部
468,48,5,139.516747,35.762,13222,東久留米市,1,多摩中部
469,49,5,139.528554,35.762,13222,東久留米市,1,多摩中部
470,50,5,139.540361,35.762,13222,東久留米市,1,多摩中部
471,51,5,139.552169,35.762,,,-1,
472,52,5,139.563976,35.762,13120,練馬区,3,区部西
473,53,5,139.575783,35.762,13120,練馬区,3,区部西
474,54,5,139.58759,35.762,13120,練馬区,3,区部西
475,55,5,139.599398,35.762,13120,練馬区,3,区部西
476,56,5,139.611205,35.762,13120,練馬区,3,区部西
477,57,5,139.623012,35.762,13120,練馬区,3,区部西
478,58,5,139.634819,35.762,13120,練馬区,3,区部西
479,59,5,139.646627,35.762,13120,練馬区,3,区部西
480,60,5,139.658434,35.762,13120,練馬区,3,区部西
481,61,5,139.670241,35.762,13120,練馬区,3,区部西
482,62,5,139.682048,35.762,13119,板橋区,3,区部西
483,63,5,139.693855,35.762,13119,板橋区,3,区部西
484,64,5,139.705663,35.762,13119,板橋区,3,区部西
485,65,5,139.71747,35.762,13117,北区,3,区部西
486,66,5,139.729277,35.762,13117,北区,3,区部西
487,67,5,139.741084,35.762,13117,北区,3,区部西
488,68,5,139.752892,35.762,13117,北区,3,区部西
489,69,5,139.764699,35.762,13121,足立区,5,城東
490,70,5,139.776506,35.762,13121,足立区,5,城東
491,71,5,139.788313,35.762,13121,足立区,5,城東
492,72,5,139.80012,35.762,13121,足立区,5,城東
493,73,5,139.811928,35.762,13121,足立区,5,城東
494,74,5,139.823735,35.762,13121,足立区,5,城東
495,75,5,139.835542,35.762,13122,葛飾区,5,城東
496,76,5,139.847349,35.762,13122,葛飾区,5,城東
497,77,5,139.859157,35.762,13122,葛飾区,5,城東
498,78,5,139.870964,35.762,13122,葛飾区,5,城東
499,79,5,139.882771,35.762,,,-1,
500,80,5,139.894578,35.762,,,-1,
501,81,5,139.906386,35.762,,,-1,
502,82,5,139.918193,35.762,,,-1,
503,83,5,139.93,35.762,,,-1,
504,0,6,138.95,35.7504,,,-1,
505,1,6,138.961807,35.7504,,,-1,
506,2,6,138.973614,35.7504,,,-1,
507,3,6,138.985422,35.7504,,,-1,
508,4,6,138.997229,35.7504,,,-1,
509,5,6,139.009036,35.7504,13308,奥多摩町,0,西多摩
510,6,6,139.020843,35.7504,13308,奥多摩町,0,西多摩
511,7,6,139.032651,35.7504,13308,奥多摩町,0,西多摩
512,8,6,139.044458,35.7504,13307,檜原村,0,西多摩
513,9,6,139.056265,35.7504,13307,檜原村,0,西多摩
514,10,6,139.068072,35.7504,13307,檜原村,0,西多摩
515,11,6,139.07988,35.7504,13307,檜原村,0,西多摩
516,12,6,139.091687,35.7504,13307,檜原村,0,西多摩
517,13,6,139.103494,35.7504,13307,檜原村,0,西多摩
518,14,6,139.115301,35.7504,13307,檜原村,0,西多摩
519,15,6,139.127108,35.7504,13307,檜原村,0,西多摩
520,16,6,139.138916,35.7504,13307,檜原村,0,西多摩
521,17,6,139.150723,35.7504,13307,檜原村,0,西多摩
522,18,6,139.16253,35.7504,13228,あきる野市,0,西多摩
523,19,6,139.174337,35.7504,13228,あきる野市,0,西多摩
524,20,6,139.186145,35.7504,13228,あきる野市,0,西多摩
525,21,6,139.197952,35.7504,13228,あきる野市,0,西多摩
526,22,6,139.209759,35.7504,13228,あきる野市,0,西多摩
527,23,6,139.221566,35.7504,13305,日の出町,0,西多摩
528,24,6,139.233373,35.7504,13305,日の出町,0,西多摩
529,25,6,139.245181,35.7504,13305,日の出町,0,西多摩
530,26,6,139.256988,35.7504,13305,日の出町,0,西多摩
531,27,6,139.268795,35.7504,13305,日の出町,0,西多摩
532,28,6,139.280602,35.7504,13228,あきる野市,0,西多摩
533,29,6,139.29241,35.7504,13228,あきる野市,0,西多摩
534,30,6,139.304217,35.7504,13228,あきる野市,0,西多摩
535,31,6,139.316024,35.7504,13227,羽村市,0,西多摩
536,32,6,139.327831,35.7504,13218,福生市,0,西多摩
537,33,6,139.339639,35.7504,13227,羽村市,0,西多摩
538,34,6,139.351446,35.7504,13303,瑞穂町,0,西多摩
539,35,6,139.363253,35.7504,13223,武蔵村山市,1,多摩中部
540,36,6,139.37506,35.7504,13223,武蔵村山市,1,多摩中部
541,37,6,139.386867,35.7504,13223,武蔵村山市,1,多摩中部
542,38,6,139.398675,35.7504,13223,武蔵村山市,1,多摩中部
543,39,6,139.410482,35.7504,13220,東大和市,1,多摩中部
544,40,6,139.422289,35.7504,13220,東大和市,1,多摩中部
545,41,6,139.434096,35.7504,13220,東大和市,1,多摩中部
546,42,6,139.445904,35.7504,13220,東大和市,1,多摩中部
547,43,6,139.457711,35.7504,13213,東村山市,1,多摩中部
548,44,6,139.469518,35.7504,13213,東村山市,1,多摩中部
549,45,6,139.481325,35.7504,13213,東村山市,1,多摩中部
550,46,6,139.493133,35.7504,13222,東久留米市,1,多摩中部
551,47,6,139.50494,35.7504,13222,東久留米市,1,多摩中部
552,48,6,139.516747,35.7504,13222,東久留米市,1,多摩中部
553,49,6,139.528554,35.7504,13222,東久留米市,1,多摩中部
554,50,6,139.540361,35.7504,13229,西東京市,1,多摩中部
555,51,6,139.552169,35.7504,13229,西東京市,1,多摩中部
556,52,6,139.563976,35.7504,13229,西東京市,1,多摩中部
557,53,6,139.575783,35.7504,13120,練馬区,3,区部西
558,54,6,139.58759,35.7504,13120,練馬区,3,区部西
559,55,6,139.599398,35.7504,13120,練馬区,3,区部西
560,56,6,139.611205,35.7504,13120,練馬区,3,区部西
561,57,6,139.623012,35.7504,13120,練馬区,3,区部西
562,58,6,139.634819,35.7504,13120,練馬区,3,区部西
563,59,6,139.646627,35.7504,13120,練馬区,3,区部西
564,60,6,139.658434,35.7504,13120,練馬区,3,区部西
565,61,6,139.670241,35.7504,13120,練馬区,3,区部西
566,62,6,139.682048,35.7504,13119,板橋区,3,区部西
567,63,6,139.693855,35.7504,13119,板橋区,3,区部西
568,64,6,139.705663,35.7504,13119,板橋区,3,区部西
569,65,6,139.71747,35.7504,13119,板橋区,3,区部西
570,66,6,139.729277,35.7504,13117,北区,3,区部西
571,67,6,139.741084,35.7504,13117,北区,3,区部西
572,68,6,139.752892,35.7504,13118,荒川区,5,城東
573,69,6,139.764699,35.7504,13118,荒川区,5,城東
574,70,6,139.776506,35.7504,13118,荒川区,5,城東
575,71,6,139.788313,35.7504,13118,荒川区,5,城東
576,72,6,139.80012,35.7504,13121,足立区,5,城東
577,73,6,139.811928,35.7504,13121,足立区,5,城東
578,74,6,139.823735,35.7504,13122,葛飾区,5,城東
579,75,6,139.835542,35.7504,13122,葛飾区,5,城東
580,76,6,139.847349,35.7504,13122,葛飾区,5,城東
581,77,6,139.859157,35.7504,13122,葛飾区,5,城東
582,78,6,139.870964,35.7504,13122,葛飾区,5,城東
583,79,6,139.882771,35.7504,13122,葛飾区,5,城東
584,80,6,139.894578,35.7504,,,-1,
585,81,6,139.906386,35.7504,,,-1,
586,82,6,139.918193,35.7504,,,-1,
587,83,6,139.93,35.7504,,,-1,
588,0,7,138.95,35.7388,,,-1,
589,1,7,138.961807,35.7388,,,-1,
590,2,7,138.973614,35.7388,,,-1,
591,3,7,138.985422,35.7388,,,-1,
592,4,7,138.997229,35.7388,,,-1,
593,5,7,139.009036,35.7388,,,-1,
594,6,7,139.020843,35.7388,13307,檜原村,0,西多摩
595,7,7,139.032651,35.7388,13307,檜原村,0,西多摩
596,8,7,139.044458,35.7388,13307,檜原村,0,西多摩
597,9,7,139.056265,35.7388,13307,檜原村,0,西多摩
598,10,7,139.068072,35.7388,13307,檜原村,0,西多摩
599,11,7,139.07988,35.7388,13307,檜原村,0,西多摩
600,12,7,139.091687,35.7388,13307,檜原村,0,西多摩
601,13,7,139.103494,35.7388,13307,檜原村,0,西多摩
602,14,7,139.115301,35.7388,13307,檜原村,0,西多摩
603,15,7,139.127108,35.7388,13307,檜原村,0,西多摩
604,16,7,139.138916,35.7388,13307,檜原村,0,西多摩
605,17,7,139.150723,35.7388,13307,檜原村,0,西多摩
606,18,7,139.16253,35.7388,13307,檜原村,0,西多摩
607,19,7,139.174337,35.7388,13228,あきる野市,0,西多摩
608,20,7,139.186145,35.7388,13228,あきる野市,0,西多摩
609,21,7,139.197952,35.7388,13228,あきる野市,0,西多摩
610,22,7,139.209759,35.7388,13228,あきる野市,0,西多摩
611,23,7,139.221566,35.7388,13228,あきる野市,0,西多摩
612,24,7,139.233373,35.7388,13228,あきる野市,0,西多摩
613,25,7,139.245181,35.7388,13305,日の出町,0,西多摩
614,26,7,139.256988,35.7388,13305,日の出町,0,西多摩
615,27,7,139.268795,35.7388,13305,日の出町,0,西多摩
616,28,7,139.280602,35.7388,13305,日の出町,0,西多摩
617,29,7,139.29241,35.7388,13228,あきる野市,0,西多摩
618,30,7,139.304217,35.7388,13228,あきる野市,0,西多摩
619,31,7,139.316024,35.7388,13228,あきる野市,0,西多摩
620,32,7,139.327831,35.7388,13218,福生市,0,西多摩
621,33,7,139.339639,35.7388,13218,福生市,0,西多摩
622,34,7,139.351446,35.7388,13218,福生市,0,西多摩
623,35,7,139.363253,35.7388,13202,立川市,1,多摩中部
624,36,7,139.37506,35.7388,13223,武蔵村山市,1,多摩中部
625,37,7,139.386867,35.7388,13202,立川市,1,多摩中部
626,38,7,139.398675,35.7388,13223,武蔵村山市,1,多摩中部
627,39,7,139.410482,35.7388,13223,武蔵村山市,1,多摩中部
628,40,7,139.422289,35.7388,13220,東大和市,1,多摩中部
629,41,7,139.434096,35.7388,13220,東大和市,1,多摩中部
630,42,7,139.445904,35.7388,13220,東大和市,1,多摩中部
631,43,7,139.457711,35.7388,13211,小平市,1,多摩中部
632,44,7,139.469518,35.7388,13211,小平市,1,多摩中部
633,45,7,139.481325,35.7388,13213,東村山市,1,多摩中部
634,46,7,139.493133,35.7388,13211,小平市,1,多摩中部
635,47,7,139.50494,35.7388,13222,東久留米市,1,多摩中部
636,48,7,139.516747,35.7388,13211,小平市,1,多摩中部
637,49,7,139.528554,35.7388,13229,西東京市,1,多摩中部
638,50,7,139.540361,35.7388,13229,西東京市,1,多摩中部
639,51,7,139.552169,35.7388,13229,西東京市,1,多摩中部
640,52,7,139.563976,35.7388,13229,西東京市,1,多摩中部
641,53,7,139.575783,35.7388,13120,練馬区,3,区部西
642,54,7,139.58759,35.7388,13120,練馬区,3,区部西
643,55,7,139.599398,35.7388,13120,練馬区,3,区部西
644,56,7,139.611205,35.7388,13120,練馬区,3,区部西
645,57,7,139.623012,35.7388,13120,練馬区,3,区部西
646,58,7,139.634819,35.7388,13120,練馬区,3,区部西
647,59,7,139.646627,35.7388,13120,練馬区,3,区部西
648,60,7,139.658434,35.7388,13120,練馬区,3,区部西
649,61,7,139.670241,35.7388,13120,練馬区,3,区部西
650,62,7,139.682048,35.7388,13116,豊島区,3,区部西
651,63,7,139.693855,35.7388,13116,豊島区,3,区部西
652,64,7,139.705663,35.7388,13116,豊島区,3,区部西
653,65,7,139.71747,35.7388,13116,豊島区,3,区部西
654,66,7,139.729277,35.7388,13116,豊島区,3,区部西
655,67,7,139.741084,35.7388,13116,豊島区,3,区部西
656,68,7,139.752892,35.7388,13117,北区,3,区部西
657,69,7,139.764699,35.7388,13117,北区,3,区部西
658,70,7,139.776506,35.7388,13118,荒川区,5,城東
659,71,7,139.788313,35.7388,13118,荒川区,5,城東
660,72,7,139.80012,35.7388,13118,荒川区,5,城東
661,73,7,139.811928,35.7388,13118,荒川区,5,城東
662,74,7,139.823735,35.7388,13122,葛飾区,5,城東
663,75,7,139.835542,35.7388,13122,葛飾区,5,城東
664,76,7,139.847349,35.7388,13122,葛飾区,5,城東
665,77,7,139.859157,35.7388,13122,葛飾区,5,城東
666,78,7,139.870964,35.7388,13122,葛飾区,5,城東
667,79,7,139.882771,35.7388,13123,江戸川区,5,城東
668,80,7,139.894578,35.7388,13123,江戸川区,5,城東
669,81,7,139.906386,35.7388,,,-1,
670,82,7,139.918193,35.7388,,,-1,
671,83,7,139.93,35.7388,,,-1,
672,0,8,138.95,35.7272,,,-1,
673,1,8,138.961807,35.7272,,,-1,
674,2,8,138.973614,35.7272,,,-1,
675,3,8,138.985422,35.7272,,,-1,
676,4,8,138.997229,35.7272,,,-1,
677,5,8,139.009036,35.7272,,,-1,
678,6,8,139.020843,35.7272,,,-1,
679,7,8,139.032651,35.7272,13307,檜原村,0,西多摩
680,8,8,139.044458,35.7272,13307,檜原村,0,西多摩
681,9,8,139.056265,35.7272,13307,檜原村,0,西多摩
682,10,8,139.068072,35.7272,13307,檜原村,0,西多摩
683,11,8,139.07988,35.7272,13307,檜原村,0,西多摩
684,12,8,139.091687,35.7272,13307,檜原村,0,西多摩
685,13,8,139.103494,35.7272,13307,檜原村,0,西多摩
686,14,8,139.115301,35.7272,13307,檜原村,0,西多摩
687,15,8,139.127108,35.7272,13307,檜原村,0,西多摩
688,16,8,139.138916,35.7272,13307,檜原村,0,西多摩
689,17,8,139.150723,35.7272,13307,檜原村,0,西多摩
690,18,8,139.16253,35.7272,13307,檜原村,0,西多摩
691,19,8,139.174337,35.7272,13228,あきる野市,0,西多摩
692,20,8,139.186145,35.7272,13228,あきる野市,0,西多摩
693,21,8,139.197952,35.7272,13228,あきる野市,0,西多摩
694,22,8,139.209759,35.7272,13228,あきる野市,0,西多摩
695,23,8,139.221566,35.7272,13228,あきる野市,0,西多摩
696,24,8,139.233373,35.7272,13228,あきる野市,0,西多摩
697,25,8,139.245181,35.7272,13228,あきる野市,0,西多摩
698,26,8,139.256988,35.7272,13228,あきる野市,0,西多摩
699,27,8,139.268795,35.7272,13228,あきる野市,0,西多摩
700,28,8,139.280602,35.7272,13228,あきる野市,0,西多摩
701,29,8,139.29241,35.7272,13228,あきる野市,0,西多摩
702,30,8,139.304217,35.7272,13228,あきる野市,0,西多摩
703,31,8,139.316024,35.7272,13228,あきる野市,0,西多摩
704,32,8,139.327831,35.7272,13228,あきる野市,0,西多摩
705,33,8,139.339639,35.7272,13218,福生市,0,西多摩
706,34,8,139.351446,35.7272,13218,福生市,0,西多摩
707,35,8,139.363253,35.7272,13202,立川市,1,多摩中部
708,36,8,139.37506,35.7272,13202,立川市,1,多摩中部
709,37,8,139.386867,35.7272,13202,立川市,1,多摩中部
710,38,8,139.398675,35.7272,13202,立川市,1,多摩中部
711,39,8,139.410482,35.7272,13202,立川市,1,多摩中部
712,40,8,139.422289,35.7272,13202,立川市,1,多摩中部
713,41,8,139.434096,35.7272,13211,小平市,1,多摩中部
714,42,8,139.445904,35.7272,13211,小平市,1,多摩中部
715,43,8,139.457711,35.7272,13211,小平市,1,多摩中部
716,44,8,139.469518,35.7272,13211,小平市,1,多摩中部
717,45,8,139.481325,35.7272,13211,小平市,1,多摩中部
718,46,8,139.493133,35.7272,13211,小平市,1,多摩中部
719,47,8,139.50494,35.7272,13211,小平市,1,多摩中部
720,48,8,139.516747,35.7272,13211,小平市,1,多摩中部
721,49,8,139.528554,35.7272,13229,西東京市,1,多摩中部
722,50,8,139.540361,35.7272,13229,西東京市,1,多摩中部
723,51,8,139.552169,35.7272,13229,西東京市,1,多摩中部
724,52,8,139.563976,35.7272,13229,西東京市,1,多摩中部
725,53,8,139.575783,35.7272,13120,練馬区,3,区部西
726,54,8,139.58759,35.7272,13120,練馬区,3,区部西
727,55,8,139.599398,35.7272,13120,練馬区,3,区部西
728,56,8,139.611205,35.7272,13115,杉並区,3,区部西
729,57,8,139.623012,35.7272,13115,杉並区,3,区部西
730,58,8,139.634819,35.7272,13114,中野区,3,区部西
731,59,8,139.646627,35.7272,13120,練馬区,3,区部西
732,60,8,139.658434,35.7272,13120,練馬区,3,区部西
733,61,8,139.670241,35.7272,13114,中野区,3,区部西
734,62,8,139.682048,35.7272,13116,豊島区,3,区部西
735,63,8,139.693855,35.7272,13116,豊島区,3,区部西
736,64,8,139.705663,35.7272,13116,豊島区,3,区部西
737,65,8,139.71747,35.7272,13116,豊島区,3,区部西
738,66,8,139.729277,35.7272,13116,豊島区,3,区部西
739,67,8,139.741084,35.7272,13105,文京区,4,都心
740,68,8,139.752892,35.7272,13105,文京区,4,都心
741,69,8,139.764699,35.7272,13105,文京区,4,都心
742,70,8,139.776506,35.7272,13118,荒川区,5,城東
743,71,8,139.788313,35.7272,13106,台東区,5,城東
744,72,8,139.80012,35.7272,13106,台東区,5,城東
745,73,8,139.811928,35.7272,13107,墨田区,5,城東
746,74,8,139.823735,35.7272,13107,墨田区,5,城東
747,75,8,139.835542,35.7272,13122,葛飾区,5,城東
748,76,8,139.847349,35.7272,13122,葛飾区,5,城東
749,77,8,139.859157,35.7272,13122,葛飾区,5,城東
750,78,8,139.870964,35.7272,13123,江戸川区,5,城東
751,79,8,139.882771,35.7272,13123,江戸川区,5,城東
752,80,8,139.894578,35.7272,13123,江戸川区,5,城東
753,81,8,139.906386,35.7272,,,-1,
754,82,8,139.918193,35.7272,,,-1,
755,83,8,139.93,35.7272,,,-1,
756,0,9,138.95,35.7156,,,-1,
757,1,9,138.961807,35.7156,,,-1,
758,2,9,138.973614,35.7156,,,-1,
759,3,9,138.985422,35.7156,,,-1,
760,4,9,138.997229,35.7156,,,-1,
761,5,9,139.009036,35.7156,,,-1,
762,6,9,139.020843,35.7156,,,-1,
763,7,9,139.032651,35.7156,,,-1,
764,8,9,139.044458,35.7156,13307,檜原村,0,西多摩
765,9,9,139.056265,35.7156,13307,檜原村,0,西多摩
766,10,9,139.068072,35.7156,13307,檜原村,0,西多摩
767,11,9,139.07988,35.7156,13307,檜原村,0,西多摩
768,12,9,139.091687,35.7156,13307,檜原村,0,西多摩
769,13,9,139.103494,35.7156,13307,檜原村,0,西多摩
770,14,9,139.115301,35.7156,13307,檜原村,0,西多摩
771,15,9,139.127108,35.7156,13307,檜原村,0,西多摩
772,16,9,139.138916,35.7156,13307,檜原村,0,西多摩
773,17,9,139.150723,35.7156,13307,檜原村,0,西多摩
774,18,9,139.16253,35.7156,13307,檜原村,0,西多摩
775,19,9,139.174337,35.7156,13228,あきる野市,0,西多摩
776,20,9,139.186145,35.7156,13228,あきる野市,0,西多摩
777,21,9,139.197952,35.7156,13228,あきる野市,0,西多摩
778,22,9,139.209759,35.7156,13228,あきる野市,0,西多摩
779,23,9,139.221566,35.7156,13201,八王子市,1,多摩中部
780,24,9,139.233373,35.7156,13228,あきる野市,0,西多摩
781,25,9,139.245181,35.7156,13228,あきる野市,0,西多摩
782,26,9,139.256988,35.7156,13228,あきる野市,0,西多摩
783,27,9,139.268795,35.7156,13228,あきる野市,0,西多摩
784,28,9,139.280602,35.7156,13228,あきる野市,0,西多摩
785,29,9,139.29241,35.7156,13228,あきる野市,0,西多摩
786,30,9,139.304217,35.7156,13228,あきる野市,0,西多摩
787,31,9,139.316024,35.7156,13228,あきる野市,0,西多摩
788,32,9,139.327831,35.7156,13228,あきる野市,0,西多摩
789,33,9,139.339639,35.7156,13207,昭島市,1,多摩中部
790,34,9,139.351446,35.7156,13207,昭島市,1,多摩中部
791,35,9,139.363253,35.7156,13207,昭島市,1,多摩中部
792,36,9,139.37506,35.7156,13207,昭島市,1,多摩中部
793,37,9,139.386867,35.7156,13207,昭島市,1,多摩中部
794,38,9,139.398675,35.7156,13202,立川市,1,多摩中部
795,39,9,139.410482,35.7156,13202,立川市,1,多摩中部
796,40,9,139.422289,35.7156,13202,立川市,1,多摩中部
797,41,9,139.434096,35.7156,13214,国分寺市,1,多摩中部
798,42,9,139.445904,35.7156,13214,国分寺市,1,多摩中部
799,43,9,139.457711,35.7156,13214,国分寺市,1,多摩中部
800,44,9,139.469518,35.7156,13214,国分寺市,1,多摩中部
801,45,9,139.481325,35.7156,13211,小平市,1,多摩中部
802,46,9,139.493133,35.7156,13211,小平市,1,多摩中部
803,47,9,139.50494,35.7156,13211,小平市,1,多摩中部
804,48,9,139.516747,35.7156,13210,小金井市,2,多摩東部
805,49,9,139.528554,35.7156,13203,武蔵野市,2,多摩東部
806,50,9,139.540361,35.7156,13229,西東京市,1,多摩中部
807,51,9,139.552169,35.7156,13203,武蔵野市,2,多摩東部
808,52,9,139.563976,35.7156,13203,武蔵野市,2,多摩東部
809,53,9,139.575783,35.7156,13203,武蔵野市,2,多摩東部
810,54,9,139.58759,35.7156,13115,杉並区,3,区部西
811,55,9,139.599398,35.7156,13115,杉並区,3,区部西
812,56,9,139.611205,35.7156,13115,杉並区,3,区部西
813,57,9,139.623012,35.7156,13115,杉並区,3,区部西
814,58,9,139.634819,35.7156,13115,杉並区,3,区部西
815,59,9,139.646627,35.7156,13114,中野区,3,区部西
816,60,9,139.658434,35.7156,13114,中野区,3,区部西
817,61,9,139.670241,35.7156,13114,中野区,3,区部西
818,62,9,139.682048,35.7156,13104,新宿区,4,都心
819,63,9,139.693855,35.7156,13104,新宿区,4,都心
820,64,9,139.705663,35.7156,13116,豊島区,3,区部西
821,65,9,139.71747,35.7156,13116,豊島区,3,区部西
822,66,9,139.729277,35.7156,13105,文京区,4,都心
823,67,9,139.741084,35.7156,13105,文京区,4,都心
824,68,9,139.752892,35.7156,13105,文京区,4,都心
825,69,9,139.764699,35.7156,13105,文京区,4,都心
826,70,9,139.776506,35.7156,13106,台東区,5,城東
827,71,9,139.788313,35.7156,13106,台東区,5,城東
828,72,9,139.80012,35.7156,13106,台東区,5,城東
829,73,9,139.811928,35.7156,13107,墨田区,5,城東
830,74,9,139.823735,35.7156,13107,墨田区,5,城東
831,75,9,139.835542,35.7156,13123,江戸川区,5,城東
832,76,9,139.847349,35.7156,13122,葛飾区,5,城東
833,77,9,139.859157,35.7156,13122,葛飾区,5,城東
834,78,9,139.870964,35.7156,13123,江戸川区,5,城東
835,79,9,139.882771,35.7156,13123,江戸川区,5,城東
836,80,9,139.894578,35.7156,13123,江戸川区,5,城東
837,81,9,139.906386,35.7156,13123,江戸川区,5,城東
838,82,9,139.918193,35.7156,,,-1,
839,83,9,139.93,35.7156,,,-1,
840,0,10,138.95,35.704,,,-1,
841,1,10,138.961807,35.704,,,-1,
842,2,10,138.973614,35.704,,,-1,
843,3,10,138.985422,35.704,,,-1,
844,4,10,138.997229,35.704,,,-1,
845,5,10,139.009036,35.704,,,-1,
846,6,10,139.020843,35.704,,,-1,
847,7,10,139.032651,35.704,,,-1,
848,8,10,139.044458,35.704,,,-1,
849,9,10,139.056265,35.704,13307,檜原村,0,西多摩
850,10,10,139.068072,35.704,13307,檜原村,0,西多摩
851,11,10,139.07988,35.704,13307,檜原村,0,西多摩
852,12,10,139.091687,35.704,13307,檜原村,0,西多摩
853,13,10,139.103494,35.704,13307,檜原村,0,西多摩
854,14,10,139.115301,35.704,13307,檜原村,0,西多摩
855,15,10,139.127108,35.704,13307,檜原村,0,西多摩
856,16,10,139.138916,35.704,13307,檜原村,0,西多摩
857,17,10,139.150723,35.704,13307,檜原村,0,西多摩
858,18,10,139.16253,35.704,13307,檜原村,0,西多摩
859,19,10,139.174337,35.704,13228,あきる野市,0,西多摩
860,20,10,139.186145,35.704,13228,あきる野市,0,西多摩
861,21,10,139.197952,35.704,13228,あきる野市,0,西多摩
862,22,10,139.209759,35.704,13201,八王子市,1,多摩中部
863,23,10,139.221566,35.704,13201,八王子市,1,多摩中部
864,24,10,139.233373,35.704,13201,八王子市,1,多摩中部
865,25,10,139.245181,35.704,13201,八王子市,1,多摩中部
866,26,10,139.256988,35.704,13201,八王子市,1,多摩中部
867,27,10,139.268795,35.704,13201,八王子市,1,多摩中部
868,28,10,139.280602,35.704,13201,八王子市,1,多摩中部
869,29,10,139.29241,35.704,13201,八王子市,1,多摩中部
870,30,10,139.304217,35.704,13201,八王子市,1,多摩中部
871,31,10,139.316024,35.704,13201,八王子市,1,多摩中部
872,32,10,139.327831,35.704,13201,八王子市,1,多摩中部
873,33,10,139.339639,35.704,13207,昭島市,1,多摩中部
874,34,10,139.351446,35.704,13207,昭島市,1,多摩中部
875,35,10,139.363253,35.704,13207,昭島市,1,多摩中部
876,36,10,139.37506,35.704,13207,昭島市,1,多摩中部
877,37,10,139.386867,35.704,13207,昭島市,1,多摩中部
878,38,10,139.398675,35.704,13202,立川市,1,多摩中部
879,39,10,139.410482,35.704,13202,立川市,1,多摩中部
880,40,10,139.422289,35.704,13202,立川市,1,多摩中部
881,41,10,139.434096,35.704,13202,立川市,1,多摩中部
882,42,10,139.445904,35.704,13214,国分寺市,1,多摩中部
883,43,10,139.457711,35.704,13214,国分寺市,1,多摩中部
884,44,10,139.469518,35.704,13214,国分寺市,1,多摩中部
885,45,10,139.481325,35.704,13214,国分寺市,1,多摩中部
886,46,10,139.493133,35.704,13210,小金井市,2,多摩東部
887,47,10,139.50494,35.704,13210,小金井市,2,多摩東部
888,48,10,139.516747,35.704,13210,小金井市,2,多摩東部
889,49,10,139.528554,35.704,13210,小金井市,2,多摩東部
890,50,10,139.540361,35.704,13203,武蔵野市,2,多摩東部
891,51,10,139.552169,35.704,13204,三鷹市,2,多摩東部
892,52,10,139.563976,35.704,13203,武蔵野市,2,多摩東部
893,53,10,139.575783,35.704,13203,武蔵野市,2,多摩東部
894,54,10,139.58759,35.704,13203,武蔵野市,2,多摩東部
895,55,10,139.599398,35.704,13115,杉並区,3,区部西
896,56,10,139.611205,35.704,13115,杉並区,3,区部西
897,57,10,139.623012,35.704,13115,杉並区,3,区部西
898,58,10,139.634819,35.704,13115,杉並区,3,区部西
899,59,10,139.646627,35.704,13115,杉並区,3,区部西
900,60,10,139.658434,35.704,13115,杉並区,3,区部西
901,61,10,139.670241,35.704,13114,中野区,3,区部西
902,62,10,139.682048,35.704,13114,中野区,3,区部西
903,63,10,139.693855,35.704,13104,新宿区,4,都心
904,64,10,139.705663,35.704,13104,新宿区,4,都心
905,65,10,139.71747,35.704,13104,新宿区,4,都心
906,66,10,139.729277,35.704,13104,新宿区,4,都心
907,67,10,139.741084,35.704,13104,新宿区,4,都心
908,68,10,139.752892,35.704,13105,文京区,4,都心
909,69,10,139.764699,35.704,13105,文京区,4,都心
910,70,10,139.776506,35.704,13106,台東区,5,城東
911,71,10,139.788313,35.704,13106,台東区,5,城東
912,72,10,139.80012,35.704,13107,墨田区,5,城東
913,73,10,139.811928,35.704,13107,墨田区,5,城東
914,74,10,139.823735,35.704,13108,江東区,5,城東
915,75,10,139.835542,35.704,13123,江戸川区,5,城東
916,76,10,139.847349,35.704,13123,江戸川区,5,城東
917,77,10,139.859157,35.704,13123,江戸川区,5,城東
918,78,10,139.870964,35.704,13123,江戸川区,5,城東
919,79,10,139.882771,35.704,13123,江戸川区,5,城東
920,80,10,139.894578,35.704,13123,江戸川区,5,城東
921,81,10,139.906386,35.704,13123,江戸川区,5,城東
922,82,10,139.918193,35.704,,,-1,
923,83,10,139.93,35.704,,,-1,
924,0,11,138.95,35.6924,,,-1,
925,1,11,138.961807,35.6924,,,-1,
926,2,11,138.973614,35.6924,,,-1,
927,3,11,138.985422,35.6924,,,-1,
928,4,11,138.997229,35.6924,,,-1,
929,5,11,139.009036,35.6924,,,-1,
930,6,11,139.020843,35.6924,,,-1,
931,7,11,139.032651,35.6924,,,-1,
932,8,11,139.044458,35.6924,,,-1,
933,9,11,139.056265,35.6924,,,-1,
934,10,11,139.068072,35.6924,,,-1,
935,11,11,139.07988,35.6924,,,-1,
936,12,11,139.091687,35.6924,13307,檜原村,0,西多摩
937,13,11,139.103494,35.6924,13307,檜原村,0,西多摩
938,14,11,139.115301,35.6924,13307,檜原村,0,西多摩
939,15,11,139.127108,35.6924,13307,檜原村,0,西多摩
940,16,11,139.138916,35.6924,13307,檜原村,0,西多摩
941,17,11,139.150723,35.6924,13307,檜原村,0,西多摩
942,18,11,139.16253,35.6924,13307,檜原村,0,西多摩
943,19,11,139.174337,35.6924,13228,あきる野市,0,西多摩
944,20,11,139.186145,35.6924,13228,あきる野市,0,西多摩
945,21,11,139.197952,35.6924,13228,あきる野市,0,西多摩
946,22,11,139.209759,35.6924,13201,八王子市,1,多摩中部
947,23,11,139.221566,35.6924,13201,八王子市,1,多摩中部
948,24,11,139.233373,35.6924,13201,八王子市,1,多摩中部
949,25,11,139.245181,35.6924,13201,八王子市,1,多摩中部
950,26,11,139.256988,35.6924,13201,八王子市,1,多摩中部
951,27,11,139.268795,35.6924,13201,八王子市,1,多摩中部
952,28,11,139.280602,35.6924,13201,八王子市,1,多摩中部
953,29,11,139.29241,35.6924,13201,八王子市,1,多摩中部
954,30,11,139.304217,35.6924,13201,八王子市,1,多摩中部
955,31,11,139.316024,35.6924,13201,八王子市,1,多摩中部
956,32,11,139.327831,35.6924,13201,八王子市,1,多摩中部
957,33,11,139.339639,35.6924,13201,八王子市,1,多摩中部
958,34,11,139.351446,35.6924,13207,昭島市,1,多摩中部
959,35,11,139.363253,35.6924,13201,八王子市,1,多摩中部
960,36,11,139.37506,35.6924,13207,昭島市,1,多摩中部
961,37,11,139.386867,35.6924,13207,昭島市,1,多摩中部
962,38,11,139.398675,35.6924,13202,立川市,1,多摩中部
963,39,11,139.410482,35.6924,13202,立川市,1,多摩中部
964,40,11,139.422289,35.6924,13202,立川市,1,多摩中部
965,41,11,139.434096,35.6924,13215,国立市,1,多摩中部
966,42,11,139.445904,35.6924,13215,国立市,1,多摩中部
967,43,11,139.457711,35.6924,13215,国立市,1,多摩中部
968,44,11,139.469518,35.6924,13214,国分寺市,1,多摩中部
969,45,11,139.481325,35.6924,13214,国分寺市,1,多摩中部
970,46,11,139.493133,35.6924,13210,小金井市,2,多摩東部
971,47,11,139.50494,35.6924,13210,小金井市,2,多摩東部
972,48,11,139.516747,35.6924,13210,小金井市,2,多摩東部
973,49,11,139.528554,35.6924,13210,小金井市,2,多摩東部
974,50,11,139.540361,35.6924,13204,三鷹市,2,多摩東部
975,51,11,139.552169,35.6924,13204,三鷹市,2,多摩東部
976,52,11,139.563976,35.6924,13204,三鷹市,2,多摩東部
977,53,11,139.575783,35.6924,13204,三鷹市,2,多摩東部
978,54,11,139.58759,35.6924,13204,三鷹市,2,多摩東部
979,55,11,139.599398,35.6924,13115,杉並区,3,区部西
980,56,11,139.611205,35.6924,13115,杉並区,3,区部西
981,57,11,139.623012,35.6924,13115,杉並区,3,区部西
982,58,11,139.634819,35.6924,13115,杉並区,3,区部西
983,59,11,139.646627,35.6924,13115,杉並区,3,区部西
984,60,11,139.658434,35.6924,13115,杉並区,3,区部西
985,61,11,139.670241,35.6924,13114,中野区,3,区部西
986,62,11,139.682048,35.6924,13114,中野区,3,区部西
987,63,11,139.693855,35.6924,13104,新宿区,4,都心
988,64,11,139.705663,35.6924,13104,新宿区,4,都心
989,65,11,139.71747,35.6924,13104,新宿区,4,都心
990,66,11,139.729277,35.6924,13104,新宿区,4,都心
991,67,11,139.741084,35.6924,13101,千代田区,4,都心
992,68,11,139.752892,35.6924,13101,千代田区,4,都心
993,69,11,139.764699,35.6924,13101,千代田区,4,都心
994,70,11,139.776506,35.6924,13101,千代田区,4,都心
995,71,11,139.788313,35.6924,13102,中央区,4,都心
996,72,11,139.80012,35.6924,13107,墨田区,5,城東
997,73,11,139.811928,35.6924,13107,墨田区,5,城東
998,74,11,139.823735,35.6924,13108,江東区,5,城東
999,75,11,139.835542,35.6924,13108,江東区,5,城東
1000,76,11,139.847349,35.6924,13108,江東区,5,城東
1001,77,11,139.859157,35.6924,13123,江戸川区,5,城東
1002,78,11,139.870964,35.6924,13123,江戸川区,5,城東
1003,79,11,139.882771,35.6924,13123,江戸川区,5,城東
1004,80,11,139.894578,35.6924,13123,江戸川区,5,城東
1005,81,11,139.906386,35.6924,13123,江戸川区,5,城東
1006,82,11,139.918193,35.6924,,,-1,
1007,83,11,139.93,35.6924,,,-1,
1008,0,12,138.95,35.6808,,,-1,
1009,1,12,138.961807,35.6808,,,-1,
1010,2,12,138.973614,35.6808,,,-1,
1011,3,12,138.985422,35.6808,,,-1,
1012,4,12,138.997229,35.6808,,,-1,
1013,5,12,139.009036,35.6808,,,-1,
1014,6,12,139.020843,35.6808,,,-1,
1015,7,12,139.032651,35.6808,,,-1,
1016,8,12,139.044458,35.6808,,,-1,
1017,9,12,139.056265,35.6808,,,-1,
1018,10,12,139.068072,35.6808,,,-1,
1019,11,12,139.07988,35.6808,,,-1,
1020,12,12,139.091687,35.6808,,,-1,
1021,13,12,139.103494,35.6808,,,-1,
1022,14,12,139.115301,35.6808,,,-1,
1023,15,12,139.127108,35.6808,13307,檜原村,0,西多摩
1024,16,12,139.138916,35.6808,13307,檜原村,0,西多摩
1025,17,12,139.150723,35.6808,13307,檜原村,0,西多摩
1026,18,12,139.16253,35.6808,13307,檜原村,0,西多摩
1027,19,12,139.174337,35.6808,13201,八王子市,1,多摩中部
1028,20,12,139.186145,35.6808,13201,八王子市,1,多摩中部
1029,21,12,139.197952,35.6808,13201,八王子市,1,多摩中部
1030,22,12,139.209759,35.6808,13201,八王子市,1,多摩中部
1031,23,12,139.221566,35.6808,13201,八王子市,1,多摩中部
1032,24,12,139.233373,35.6808,13201,八王子市,1,多摩中部
1033,25,12,139.245181,35.6808,13201,八王子市,1,多摩中部
1034,26,12,139.256988,35.6808,13201,八王子市,1,多摩中部
1035,27,12,139.268795,35.6808,13201,八王子市,1,多摩中部
1036,28,12,139.280602,35.6808,13201,八王子市,1,多摩中部
1037,29,12,139.29241,35.6808,13201,八王子市,1,多摩中部
1038,30,12,139.304217,35.6808,13201,八王子市,1,多摩中部
1039,31,12,139.316024,35.6808,13201,八王子市,1,多摩中部
1040,32,12,139.327831,35.6808,13201,八王子市,1,多摩中部
1041,33,12,139.339639,35.6808,13201,八王子市,1,多摩中部
1042,34,12,139.351446,35.6808,13201,八王子市,1,多摩中部
1043,35,12,139.363253,35.6808,13201,八王子市,1,多摩中部
1044,36,12,139.37506,35.6808,13201,八王子市,1,多摩中部
1045,37,12,139.386867,35.6808,13212,日野市,1,多摩中部
1046,38,12,139.398675,35.6808,13212,日野市,1,多摩中部
1047,39,12,139.410482,35.6808,13212,日野市,1,多摩中部
1048,40,12,139.422289,35.6808,13215,国立市,1,多摩中部
1049,41,12,139.434096,35.6808,13215,国立市,1,多摩中部
1050,42,12,139.445904,35.6808,13215,国立市,1,多摩中部
1051,43,12,139.457711,35.6808,13206,府中市,2,多摩東部
1052,44,12,139.469518,35.6808,13206,府中市,2,多摩東部
1053,45,12,139.481325,35.6808,13206,府中市,2,多摩東部
1054,46,12,139.493133,35.6808,13206,府中市,2,多摩東部
1055,47,12,139.50494,35.6808,13206,府中市,2,多摩東部
1056,48,12,139.516747,35.6808,13206,府中市,2,多摩東部
1057,49,12,139.528554,35.6808,13204,三鷹市,2,多摩東部
1058,50,12,139.540361,35.6808,13204,三鷹市,2,多摩東部
1059,51,12,139.552169,35.6808,13208,調布市,2,多摩東部
1060,52,12,139.563976,35.6808,13204,三鷹市,2,多摩東部
1061,53,12,139.575783,35.6808,13204,三鷹市,2,多摩東部
1062,54,12,139.58759,35.6808,13112,世田谷区,3,区部西
1063,55,12,139.599398,35.6808,13112,世田谷区,3,区部西
1064,56,12,139.611205,35.6808,13115,杉並区,3,区部西
1065,57,12,139.623012,35.6808,13115,杉並区,3,区部西
1066,58,12,139.634819,35.6808,13115,杉並区,3,区部西
1067,59,12,139.646627,35.6808,13115,杉並区,3,区部西
1068,60,12,139.658434,35.6808,13115,杉並区,3,区部西
1069,61,12,139.670241,35.6808,13113,渋谷区,3,区部西
1070,62,12,139.682048,35.6808,13113,渋谷区,3,区部西
1071,63,12,139.693855,35.6808,13113,渋谷区,3,区部西
1072,64,12,139.705663,35.6808,13113,渋谷区,3,区部西
1073,65,12,139.71747,35.6808,13104,新宿区,4,都心
1074,66,12,139.729277,35.6808,13103,港区,4,都心
1075,67,12,139.741084,35.6808,13101,千代田区,4,都心
1076,68,12,139.752892,35.6808,13101,千代田区,4,都心
1077,69,12,139.764699,35.6808,13101,千代田区,4,都心
1078,70,12,139.776506,35.6808,13102,中央区,4,都心
1079,71,12,139.788313,35.6808,13102,中央区,4,都心
1080,72,12,139.80012,35.6808,13108,江東区,5,城東
1081,73,12,139.811928,35.6808,13108,江東区,5,城東
1082,74,12,139.823735,35.6808,13108,江東区,5,城東
1083,75,12,139.835542,35.6808,13108,江東区,5,城東
1084,76,12,139.847349,35.6808,13123,江戸川区,5,城東
1085,77,12,139.859157,35.6808,13123,江戸川区,5,城東
1086,78,12,139.870964,35.6808,13123,江戸川区,5,城東
1087,79,12,139.882771,35.6808,13123,江戸川区,5,城東
1088,80,12,139.894578,35.6808,,,-1,
1089,81,12,139.906386,35.6808,,,-1,
1090,82,12,139.918193,35.6808,,,-1,
1091,83,12,139.93,35.6808,,,-1,
1092,0,13,138.95,35.6692,,,-1,
1093,1,13,138.961807,35.6692,,,-1,
1094,2,13,138.973614,35.6692,,,-1,
1095,3,13,138.985422,35.6692,,,-1,
1096,4,13,138.997229,35.6692,,,-1,
1097,5,13,139.009036,35.6692,,,-1,
1098,6,13,139.020843,35.6692,,,-1,
1099,7,13,139.032651,35.6692,,,-1,
1100,8,13,139.044458,35.6692,,,-1,
1101,9,13,139.056265,35.6692,,,-1,
1102,10,13,139.068072,35.6692,,,-1,
1103,11,13,139.07988,35.6692,,,-1,
1104,12,13,139.091687,35.6692,,,-1,
1105,13,13,139.103494,35.6692,,,-1,
1106,14,13,139.115301,35.6692,,,-1,
1107,15,13,139.127108,35.6692,,,-1,
1108,16,13,139.138916,35.6692,,,-1,
1109,17,13,139.150723,35.6692,13307,檜原村,0,西多摩
1110,18,13,139.16253,35.6692,13307,檜原村,0,西多摩
1111,19,13,139.174337,35.6692,13201,八王子市,1,多摩中部
1112,20,13,139.186145,35.6692,13201,八王子市,1,多摩中部
1113,21,13,139.197952,35.6692,13201,八王子市,1,多摩中部
1114,22,13,139.209759,35.6692,13201,八王子市,1,多摩中部
1115,23,13,139.221566,35.6692,13201,八王子市,1,多摩中部
1116,24,13,139.233373,35.6692,13201,八王子市,1,多摩中部
1117,25,13,139.245181,35.6692,13201,八王子市,1,多摩中部
1118,26,13,139.256988,35.6692,13201,八王子市,1,多摩中部
1119,27,13,139.268795,35.6692,13201,八王子市,1,多摩中部
1120,28,13,139.280602,35.6692,13201,八王子市,1,多摩中部
1121,29,13,139.29241,35.6692,13201,八王子市,1,多摩中部
1122,30,13,139.304217,35.6692,13201,八王子市,1,多摩中部
1123,31,13,139.316024,35.6692,13201,八王子市,1,多摩中部
1124,32,13,139.327831,35.6692,13201,八王子市,1,多摩中部
1125,33,13,139.339639,35.6692,13201,八王子市,1,多摩中部
1126,34,13,139.351446,35.6692,13201,八王子市,1,多摩中部
1127,35,13,139.363253,35.6692,13201,八王子市,1,多摩中部
1128,36,13,139.37506,35.6692,13212,日野市,1,多摩中部
1129,37,13,139.386867,35.6692,13212,日野市,1,多摩中部
1130,38,13,139.398675,35.6692,13212,日野市,1,多摩中部
1131,39,13,139.410482,35.6692,13212,日野市,1,多摩中部
1132,40,13,139.422289,35.6692,13212,日野市,1,多摩中部
1133,41,13,139.434096,35.6692,13206,府中市,2,多摩東部
1134,42,13,139.445904,35.6692,13206,府中市,2,多摩東部
1135,43,13,139.457711,35.6692,13206,府中市,2,多摩東部
1136,44,13,139.469518,35.6692,13206,府中市,2,多摩東部
1137,45,13,139.481325,35.6692,13206,府中市,2,多摩東部
1138,46,13,139.493133,35.6692,13206,府中市,2,多摩東部
1139,47,13,139.50494,35.6692,13206,府中市,2,多摩東部
1140,48,13,139.516747,35.6692,13206,府中市,2,多摩東部
1141,49,13,139.528554,35.6692,13208,調布市,2,多摩東部
1142,50,13,139.540361,35.6692,13204,三鷹市,2,多摩東部
1143,51,13,139.552169,35.6692,13208,調布市,2,多摩東部
1144,52,13,139.563976,35.6692,13208,調布市,2,多摩東部
1145,53,13,139.575783,35.6692,13204,三鷹市,2,多摩東部
1146,54,13,139.58759,35.6692,13208,調布市,2,多摩東部
1147,55,13,139.599398,35.6692,13112,世田谷区,3,区部西
1148,56,13,139.611205,35.6692,13112,世田谷区,3,区部西
1149,57,13,139.623012,35.6692,13112,世田谷区,3,区部西
1150,58,13,139.634819,35.6692,13115,杉並区,3,区部西
1151,59,13,139.646627,35.6692,13115,杉並区,3,区部西
1152,60,13,139.658434,35.6692,13112,世田谷区,3,区部西
1153,61,13,139.670241,35.6692,13112,世田谷区,3,区部西
1154,62,13,139.682048,35.6692,13113,渋谷区,3,区部西
1155,63,13,139.693855,35.6692,13113,渋谷区,3,区部西
1156,64,13,139.705663,35.6692,13113,渋谷区,3,区部西
1157,65,13,139.71747,35.6692,13103,港区,4,都心
1158,66,13,139.729277,35.6692,13103,港区,4,都心
1159,67,13,139.741084,35.6692,13103,港区,4,都心
1160,68,13,139.752892,35.6692,13103,港区,4,都心
1161,69,13,139.764699,35.6692,13102,中央区,4,都心
1162,70,13,139.776506,35.6692,13102,中央区,4,都心
1163,71,13,139.788313,35.6692,13108,江東区,5,城東
1164,72,13,139.80012,35.6692,13108,江東区,5,城東
1165,73,13,139.811928,35.6692,13108,江東区,5,城東
1166,74,13,139.823735,35.6692,13108,江東区,5,城東
1167,75,13,139.835542,35.6692,13108,江東区,5,城東
1168,76,13,139.847349,35.6692,13123,江戸川区,5,城東
1169,77,13,139.859157,35.6692,13123,江戸川区,5,城東
1170,78,13,139.870964,35.6692,13123,江戸川区,5,城東
1171,79,13,139.882771,35.6692,13123,江戸川区,5,城東
1172,80,13,139.894578,35.6692,,,-1,
1173,81,13,139.906386,35.6692,,,-1,
1174,82,13,139.918193,35.6692,,,-1,
1175,83,13,139.93,35.6692,,,-1,
1176,0,14,138.95,35.6576,,,-1,
1177,1,14,138.961807,35.6576,,,-1,
1178,2,14,138.973614,35.6576,,,-1,
1179,3,14,138.985422,35.6576,,,-1,
1180,4,14,138.997229,35.6576,,,-1,
1181,5,14,139.009036,35.6576,,,-1,
1182,6,14,139.020843,35.6576,,,-1,
1183,7,14,139.032651,35.6576,,,-1,
1184,8,14,139.044458,35.6576,,,-1,
1185,9,14,139.056265,35.6576,,,-1,
1186,10,14,139.068072,35.6576,,,-1,
1187,11,14,139.07988,35.6576,,,-1,
1188,12,14,139.091687,35.6576,,,-1,
1189,13,14,139.103494,35.6576,,,-1,
1190,14,14,139.115301,35.6576,,,-1,
1191,15,14,139.127108,35.6576,,,-1,
1192,16,14,139.138916,35.6576,,,-1,
1193,17,14,139.150723,35.6576,,,-1,
1194,18,14,139.16253,35.6576,,,-1,
1195,19,14,139.174337,35.6576,13201,八王子市,1,多摩中部
1196,20,14,139.186145,35.6576,13201,八王子市,1,多摩中部
1197,21,14,139.197952,35.6576,13201,八王子市,1,多摩中部
1198,22,14,139.209759,35.6576,13201,八王子市,1,多摩中部
1199,23,14,139.221566,35.6576,13201,八王子市,1,多摩中部
1200,24,14,139.233373,35.6576,13201,八王子市,1,多摩中部
1201,25,14,139.245181,35.6576,13201,八王子市,1,多摩中部
1202,26,14,139.256988,35.6576,13201,八王子市,1,多摩中部
1203,27,14,139.268795,35.6576,13201,八王子市,1,多摩中部
1204,28,14,139.280602,35.6576,13201,八王子市,1,多摩中部
1205,29,14,139.29241,35.6576,13201,八王子市,1,多摩中部
1206,30,14,139.304217,35.6576,13201,八王子市,1,多摩中部
1207,31,14,139.316024,35.6576,13201,八王子市,1,多摩中部
1208,32,14,139.327831,35.6576,13201,八王子市,1,多摩中部
1209,33,14,139.339639,35.6576,13201,八王子市,1,多摩中部
1210,34,14,139.351446,35.6576,13201,八王子市,1,多摩中部
1211,35,14,139.363253,35.6576,13212,日野市,1,多摩中部
1212,36,14,139.37506,35.6576,13212,日野市,1,多摩中部
1213,37,14,139.386867,35.6576,13212,日野市,1,多摩中部
1214,38,14,139.398675,35.6576,13212,日野市,1,多摩中部
1215,39,14,139.410482,35.6576,13212,日野市,1,多摩中部
1216,40,14,139.422289,35.6576,13212,日野市,1,多摩中部
1217,41,14,139.434096,35.6576,13212,日野市,1,多摩中部
1218,42,14,139.445904,35.6576,13206,府中市,2,多摩東部
1219,43,14,139.457711,35.6576,13206,府中市,2,多摩東部
1220,44,14,139.469518,35.6576,13206,府中市,2,多摩東部
1221,45,14,139.481325,35.6576,13206,府中市,2,多摩東部
1222,46,14,139.493133,35.6576,13206,府中市,2,多摩東部
1223,47,14,139.50494,35.6576,13206,府中市,2,多摩東部
1224,48,14,139.516747,35.6576,13206,府中市,2,多摩東部
1225,49,14,139.528554,35.6576,13208,調布市,2,多摩東部
1226,50,14,139.540361,35.6576,13208,調布市,2,多摩東部
1227,51,14,139.552169,35.6576,13208,調布市,2,多摩東部
1228,52,14,139.563976,35.6576,13208,調布市,2,多摩東部
1229,53,14,139.575783,35.6576,13208,調布市,2,多摩東部
1230,54,14,139.58759,35.6576,13208,調布市,2,多摩東部
1231,55,14,139.599398,35.6576,13112,世田谷区,3,区部西
1232,56,14,139.611205,35.6576,13112,世田谷区,3,区部西
1233,57,14,139.623012,35.6576,13112,世田谷区,3,区部西
1234,58,14,139.634819,35.6576,13112,世田谷区,3,区部西
1235,59,14,139.646627,35.6576,13112,世田谷区,3,区部西
1236,60,14,139.658434,35.6576,13112,世田谷区,3,区部西
1237,61,14,139.670241,35.6576,13112,世田谷区,3,区部西
1238,62,14,139.682048,35.6576,13110,目黒区,3,区部西
1239,63,14,139.693855,35.6576,13113,渋谷区,3,区部西
1240,64,14,139.705663,35.6576,13113,渋谷区,3,区部西
1241,65,14,139.71747,35.6576,13103,港区,4,都心
1242,66,14,139.729277,35.6576,13103,港区,4,都心
1243,67,14,139.741084,35.6576,13103,港区,4,都心
1244,68,14,139.752892,35.6576,13103,港区,4,都心
1245,69,14,139.764699,35.6576,13102,中央区,4,都心
1246,70,14,139.776506,35.6576,13102,中央区,4,都心
1247,71,14,139.788313,35.6576,13102,中央区,4,都心
1248,72,14,139.80012,35.6576,13108,江東区,5,城東
1249,73,14,139.811928,35.6576,13108,江東区,5,城東
1250,74,14,139.823735,35.6576,13108,江東区,5,城東
1251,75,14,139.835542,35.6576,13108,江東区,5,城東
1252,76,14,139.847349,35.6576,13123,江戸川区,5,城東
1253,77,14,139.859157,35.6576,13123,江戸川区,5,城東
1254,78,14,139.870964,35.6576,13123,江戸川区,5,城東
1255,79,14,139.882771,35.6576,13123,江戸川区,5,城東
1256,80,14,139.894578,35.6576,,,-1,
1257,81,14,139.906386,35.6576,,,-1,
1258,82,14,139.918193,35.6576,,,-1,
1259,83,14,139.93,35.6576,,,-1,
1260,0,15,138.95,35.646,,,-1,
1261,1,15,138.961807,35.646,,,-1,
1262,2,15,138.973614,35.646,,,-1,
1263,3,15,138.985422,35.646,,,-1,
1264,4,15,138.997229,35.646,,,-1,
1265,5,15,139.009036,35.646,,,-1,
1266,6,15,139.020843,35.646,,,-1,
1267,7,15,139.032651,35.646,,,-1,
1268,8,15,139.044458,35.646,,,-1,
1269,9,15,139.056265,35.646,,,-1,
1270,10,15,139.068072,35.646,,,-1,
1271,11,15,139.07988,35.646,,,-1,
1272,12,15,139.091687,35.646,,,-1,
1273,13,15,139.103494,35.646,,,-1,
1274,14,15,139.115301,35.646,,,-1,
1275,15,15,139.127108,35.646,,,-1,
1276,16,15,139.138916,35.646,,,-1,
1277,17,15,139.150723,35.646,,,-1,
1278,18,15,139.16253,35.646,,,-1,
1279,19,15,139.174337,35.646,,,-1,
1280,20,15,139.186145,35.646,,,-1,
1281,21,15,139.197952,35.646,,,-1,
1282,22,15,139.209759,35.646,,,-1,
1283,23,15,139.221566,35.646,13201,八王子市,1,多摩中部
1284,24,15,139.233373,35.646,13201,八王子市,1,多摩中部
1285,25,15,139.245181,35.646,13201,八王子市,1,多摩中部
1286,26,15,139.256988,35.646,13201,八王子市,1,多摩中部
1287,27,15,139.268795,35.646,13201,八王子市,1,多摩中部
1288,28,15,139.280602,35.646,13201,八王子市,1,多摩中部
1289,29,15,139.29241,35.646,13201,八王子市,1,多摩中部
1290,30,15,139.304217,35.646,13201,八王子市,1,多摩中部
1291,31,15,139.316024,35.646,13201,八王子市,1,多摩中部
1292,32,15,139.327831,35.646,13201,八王子市,1,多摩中部
1293,33,15,139.339639,35.646,13201,八王子市,1,多摩中部
1294,34,15,139.351446,35.646,13201,八王子市,1,多摩中部
1295,35,15,139.363253,35.646,13201,八王子市,1,多摩中部
1296,36,15,139.37506,35.646,13212,日野市,1,多摩中部
1297,37,15,139.386867,35.646,13212,日野市,1,多摩中部
1298,38,15,139.398675,35.646,13212,日野市,1,多摩中部
1299,39,15,139.410482,35.646,13212,日野市,1,多摩中部
1300,40,15,139.422289,35.646,13212,日野市,1,多摩中部
1301,41,15,139.434096,35.646,13224,多摩市,1,多摩中部
1302,42,15,139.445904,35.646,13224,多摩市,1,多摩中部
1303,43,15,139.457711,35.646,13224,多摩市,1,多摩中部
1304,44,15,139.469518,35.646,13224,多摩市,1,多摩中部
1305,45,15,139.481325,35.646,13225,稲城市,1,多摩中部
1306,46,15,139.493133,35.646,13225,稲城市,1,多摩中部
1307,47,15,139.50494,35.646,13225,稲城市,1,多摩中部
1308,48,15,139.516747,35.646,13225,稲城市,1,多摩中部
1309,49,15,139.528554,35.646,13208,調布市,2,多摩東部
1310,50,15,139.540361,35.646,13208,調布市,2,多摩東部
1311,51,15,139.552169,35.646,13208,調布市,2,多摩東部
1312,52,15,139.563976,35.646,13208,調布市,2,多摩東部
1313,53,15,139.575783,35.646,13219,狛江市,2,多摩東部
1314,54,15,139.58759,35.646,13219,狛江市,2,多摩東部
1315,55,15,139.599398,35.646,13112,世田谷区,3,区部西
1316,56,15,139.611205,35.646,13112,世田谷区,3,区部西
1317,57,15,139.623012,35.646,13112,世田谷区,3,区部西
1318,58,15,139.634819,35.646,13112,世田谷区,3,区部西
1319,59,15,139.646627,35.646,13112,世田谷区,3,区部西
1320,60,15,139.658434,35.646,13112,世田谷区,3,区部西
1321,61,15,139.670241,35.646,13112,世田谷区,3,区部西
1322,62,15,139.682048,35.646,13112,世田谷区,3,区部西
1323,63,15,139.693855,35.646,13110,目黒区,3,区部西
1324,64,15,139.705663,35.646,13113,渋谷区,3,区部西
1325,65,15,139.71747,35.646,13113,渋谷区,3,区部西
1326,66,15,139.729277,35.646,13103,港区,4,都心
1327,67,15,139.741084,35.646,13103,港区,4,都心
1328,68,15,139.752892,35.646,13103,港区,4,都心
1329,69,15,139.764699,35.646,,,-1,
1330,70,15,139.776506,35.646,,,-1,
1331,71,15,139.788313,35.646,13108,江東区,5,城東
1332,72,15,139.80012,35.646,13108,江東区,5,城東
1333,73,15,139.811928,35.646,13108,江東区,5,城東
1334,74,15,139.823735,35.646,13108,江東区,5,城東
1335,75,15,139.835542,35.646,13108,江東区,5,城東
1336,76,15,139.847349,35.646,,,-1,
1337,77,15,139.859157,35.646,13123,江戸川区,5,城東
1338,78,15,139.870964,35.646,13123,江戸川区,5,城東
1339,79,15,139.882771,35.646,13123,江戸川区,5,城東
1340,80,15,139.894578,35.646,,,-1,
1341,81,15,139.906386,35.646,,,-1,
1342,82,15,139.918193,35.646,,,-1,
1343,83,15,139.93,35.646,,,-1,
1344,0,16,138.95,35.6344,,,-1,
1345,1,16,138.961807,35.6344,,,-1,
1346,2,16,138.973614,35.6344,,,-1,
1347,3,16,138.985422,35.6344,,,-1,
1348,4,16,138.997229,35.6344,,,-1,
1349,5,16,139.009036,35.6344,,,-1,
1350,6,16,139.020843,35.6344,,,-1,
1351,7,16,139.032651,35.6344,,,-1,
1352,8,16,139.044458,35.6344,,,-1,
1353,9,16,139.056265,35.6344,,,-1,
1354,10,16,139.068072,35.6344,,,-1,
1355,11,16,139.07988,35.6344,,,-1,
1356,12,16,139.091687,35.6344,,,-1,
1357,13,16,139.103494,35.6344,,,-1,
1358,14,16,139.115301,35.6344,,,-1,
1359,15,16,139.127108,35.6344,,,-1,
1360,16,16,139.138916,35.6344,,,-1,
1361,17,16,139.150723,35.6344,,,-1,
1362,18,16,139.16253,35.6344,,,-1,
1363,19,16,139.174337,35.6344,,,-1,
1364,20,16,139.186145,35.6344,,,-1,
1365,21,16,139.197952,35.6344,,,-1,
1366,22,16,139.209759,35.6344,,,-1,
1367,23,16,139.221566,35.6344,13201,八王子市,1,多摩中部
1368,24,16,139.233373,35.6344,13201,八王子市,1,多摩中部
1369,25,16,139.245181,35.6344,13201,八王子市,1,多摩中部
1370,26,16,139.256988,35.6344,13201,八王子市,1,多摩中部
1371,27,16,139.268795,35.6344,13201,八王子市,1,多摩中部
1372,28,16,139.280602,35.6344,13201,八王子市,1,多摩中部
1373,29,16,139.29241,35.6344,13201,八王子市,1,多摩中部
1374,30,16,139.304217,35.6344,13201,八王子市,1,多摩中部
1375,31,16,139.316024,35.6344,13201,八王子市,1,多摩中部
1376,32,16,139.327831,35.6344,13201,八王子市,1,多摩中部
1377,33,16,139.339639,35.6344,13201,八王子市,1,多摩中部
1378,34,16,139.351446,35.6344,13201,八王子市,1,多摩中部
1379,35,16,139.363253,35.6344,13201,八王子市,1,多摩中部
1380,36,16,139.37506,35.6344,13201,八王子市,1,多摩中部
1381,37,16,139.386867,35.6344,13201,八王子市,1,多摩中部
1382,38,16,139.398675,35.6344,13201,八王子市,1,多摩中部
1383,39,16,139.410482,35.6344,13201,八王子市,1,多摩中部
1384,40,16,139.422289,35.6344,13201,八王子市,1,多摩中部
1385,41,16,139.434096,35.6344,13224,多摩市,1,多摩中部
1386,42,16,139.445904,35.6344,13224,多摩市,1,多摩中部
1387,43,16,139.457711,35.6344,13224,多摩市,1,多摩中部
1388,44,16,139.469518,35.6344,13224,多摩市,1,多摩中部
1389,45,16,139.481325,35.6344,13225,稲城市,1,多摩中部
1390,46,16,139.493133,35.6344,13225,稲城市,1,多摩中部
1391,47,16,139.50494,35.6344,13225,稲城市,1,多摩中部
1392,48,16,139.516747,35.6344,13225,稲城市,1,多摩中部
1393,49,16,139.528554,35.6344,,,-1,
1394,50,16,139.540361,35.6344,,,-1,
1395,51,16,139.552169,35.6344,13208,調布市,2,多摩東部
1396,52,16,139.563976,35.6344,13219,狛江市,2,多摩東部
1397,53,16,139.575783,35.6344,13219,狛江市,2,多摩東部
1398,54,16,139.58759,35.6344,13219,狛江市,2,多摩東部
1399,55,16,139.599398,35.6344,13112,世田谷区,3,区部西
1400,56,16,139.611205,35.6344,13112,世田谷区,3,区部西
1401,57,16,139.623012,35.6344,13112,世田谷区,3,区部西
1402,58,16,139.634819,35.6344,13112,世田谷区,3,区部西
1403,59,16,139.646627,35.6344,13112,世田谷区,3,区部西
1404,60,16,139.658434,35.6344,13112,世田谷区,3,区部西
1405,61,16,139.670241,35.6344,13112,世田谷区,3,区部西
1406,62,16,139.682048,35.6344,13112,世田谷区,3,区部西
1407,63,16,139.693855,35.6344,13110,目黒区,3,区部西
1408,64,16,139.705663,35.6344,13110,目黒区,3,区部西
1409,65,16,139.71747,35.6344,13109,品川区,3,区部西
1410,66,16,139.729277,35.6344,13103,港区,4,都心
1411,67,16,139.741084,35.6344,13103,港区,4,都心
1412,68,16,139.752892,35.6344,,,-1,
1413,69,16,139.764699,35.6344,,,-1,
1414,70,16,139.776506,35.6344,13103,港区,4,都心
1415,71,16,139.788313,35.6344,13108,江東区,5,城東
1416,72,16,139.80012,35.6344,13108,江東区,5,城東
1417,73,16,139.811928,35.6344,,,-1,
1418,74,16,139.823735,35.6344,13108,江東区,5,城東
1419,75,16,139.835542,35.6344,13108,江東区,5,城東
1420,76,16,139.847349,35.6344,,,-1,
1421,77,16,139.859157,35.6344,,,-1,
1422,78,16,139.870964,35.6344,,,-1,
1423,79,16,139.882771,35.6344,,,-1,
1424,80,16,139.894578,35.6344,,,-1,
1425,81,16,139.906386,35.6344,,,-1,
1426,82,16,139.918193,35.6344,,,-1,
1427,83,16,139.93,35.6344,,,-1,
1428,0,17,138.95,35.6228,,,-1,
1429,1,17,138.961807,35.6228,,,-1,
1430,2,17,138.973614,35.6228,,,-1,
1431,3,17,138.985422,35.6228,,,-1,
1432,4,17,138.997229,35.6228,,,-1,
1433,5,17,139.009036,35.6228,,,-1,
1434,6,17,139.020843,35.6228,,,-1,
1435,7,17,139.032651,35.6228,,,-1,
1436,8,17,139.044458,35.6228,,,-1,
1437,9,17,139.056265,35.6228,,,-1,
1438,10,17,139.068072,35.6228,,,-1,
1439,11,17,139.07988,35.6228,,,-1,
1440,12,17,139.091687,35.6228,,,-1,
1441,13,17,139.103494,35.6228,,,-1,
1442,14,17,139.115301,35.6228,,,-1,
1443,15,17,139.127108,35.6228,,,-1,
1444,16,17,139.138916,35.6228,,,-1,
1445,17,17,139.150723,35.6228,,,-1,
1446,18,17,139.16253,35.6228,,,-1,
1447,19,17,139.174337,35.6228,,,-1,
1448,20,17,139.186145,35.6228,,,-1,
1449,21,17,139.197952,35.6228,,,-1,
1450,22,17,139.209759,35.6228,,,-1,
1451,23,17,139.221566,35.6228,,,-1,
1452,24,17,139.233373,35.6228,13201,八王子市,1,多摩中部
1453,25,17,139.245181,35.6228,13201,八王子市,1,多摩中部
1454,26,17,139.256988,35.6228,13201,八王子市,1,多摩中部
1455,27,17,139.268795,35.6228,13201,八王子市,1,多摩中部
1456,28,17,139.280602,35.6228,13201,八王子市,1,多摩中部
1457,29,17,139.29241,35.6228,13201,八王子市,1,多摩中部
1458,30,17,139.304217,35.6228,13201,八王子市,1,多摩中部
1459,31,17,139.316024,35.6228,13201,八王子市,1,多摩中部
1460,32,17,139.327831,35.6228,13201,八王子市,1,多摩中部
1461,33,17,139.339639,35.6228,13201,八王子市,1,多摩中部
1462,34,17,139.351446,35.6228,13201,八王子市,1,多摩中部
1463,35,17,139.363253,35.6228,13201,八王子市,1,多摩中部
1464,36,17,139.37506,35.6228,13201,八王子市,1,多摩中部
1465,37,17,139.386867,35.6228,13201,八王子市,1,多摩中部
1466,38,17,139.398675,35.6228,13201,八王子市,1,多摩中部
1467,39,17,139.410482,35.6228,13224,多摩市,1,多摩中部
1468,40,17,139.422289,35.6228,13224,多摩市,1,多摩中部
1469,41,17,139.434096,35.6228,13224,多摩市,1,多摩中部
1470,42,17,139.445904,35.6228,13224,多摩市,1,多摩中部
1471,43,17,139.457711,35.6228,13224,多摩市,1,多摩中部
1472,44,17,139.469518,35.6228,13225,稲城市,1,多摩中部
1473,45,17,139.481325,35.6228,13225,稲城市,1,多摩中部
1474,46,17,139.493133,35.6228,13225,稲城市,1,多摩中部
1475,47,17,139.50494,35.6228,,,-1,
1476,48,17,139.516747,35.6228,,,-1,
1477,49,17,139.528554,35.6228,,,-1,
1478,50,17,139.540361,35.6228,,,-1,
1479,51,17,139.552169,35.6228,,,-1,
1480,52,17,139.563976,35.6228,,,-1,
1481,53,17,139.575783,35.6228,13219,狛江市,2,多摩東部
1482,54,17,139.58759,35.6228,13219,狛江市,2,多摩東部
1483,55,17,139.599398,35.6228,13112,世田谷区,3,区部西
1484,56,17,139.611205,35.6228,13112,世田谷区,3,区部西
1485,57,17,139.623012,35.6228,13112,世田谷区,3,区部西
1486,58,17,139.634819,35.6228,13112,世田谷区,3,区部西
1487,59,17,139.646627,35.6228,13112,世田谷区,3,区部西
1488,60,17,139.658434,35.6228,13112,世田谷区,3,区部西
1489,61,17,139.670241,35.6228,13110,目黒区,3,区部西
1490,62,17,139.682048,35.6228,13110,目黒区,3,区部西
1491,63,17,139.693855,35.6228,13110,目黒区,3,区部西
1492,64,17,139.705663,35.6228,13109,品川区,3,区部西
1493,65,17,139.71747,35.6228,13109,品川区,3,区部西
1494,66,17,139.729277,35.6228,13109,品川区,3,区部西
1495,67,17,139.741084,35.6228,13109,品川区,3,区部西
1496,68,17,139.752892,35.6228,,,-1,
1497,69,17,139.764699,35.6228,,,-1,
1498,70,17,139.776506,35.6228,13108,江東区,5,城東
1499,71,17,139.788313,35.6228,13108,江東区,5,城東
1500,72,17,139.80012,35.6228,,,-1,
1501,73,17,139.811928,35.6228,,,-1,
1502,74,17,139.823735,35.6228,,,-1,
1503,75,17,139.835542,35.6228,13108,江東区,5,城東
1504,76,17,139.847349,35.6228,,,-1,
1505,77,17,139.859157,35.6228,,,-1,
1506,78,17,139.870964,35.6228,,,-1,
1507,79,17,139.882771,35.6228,,,-1,
1508,80,17,139.894578,35.6228,,,-1,
1509,81,17,139.906386,35.6228,,,-1,
1510,82,17,139.918193,35.6228,,,-1,
1511,83,17,139.93,35.6228,,,-1,
1512,0,18,138.95,35.6112,,,-1,
1513,1,18,138.961807,35.6112,,,-1,
1514,2,18,138.973614,35.6112,,,-1,
1515,3,18,138.985422,35.6112,,,-1,
1516,4,18,138.997229,35.6112,,,-1,
1517,5,18,139.009036,35.6112,,,-1,
1518,6,18,139.020843,35.6112,,,-1,
1519,7,18,139.032651,35.6112,,,-1,
1520,8,18,139.044458,35.6112,,,-1,
1521,9,18,139.056265,35.6112,,,-1,
1522,10,18,139.068072,35.6112,,,-1,
1523,11,18,139.07988,35.6112,,,-1,
1524,12,18,139.091687,35.6112,,,-1,
1525,13,18,139.103494,35.6112,,,-1,
1526,14,18,139.115301,35.6112,,,-1,
1527,15,18,139.127108,35.6112,,,-1,
1528,16,18,139.138916,35.6112,,,-1,
1529,17,18,139.150723,35.6112,,,-1,
1530,18,18,139.16253,35.6112,,,-1,
1531,19,18,139.174337,35.6112,,,-1,
1532,20,18,139.186145,35.6112,,,-1,
1533,21,18,139.197952,35.6112,,,-1,
1534,22,18,139.209759,35.6112,,,-1,
1535,23,18,139.221566,35.6112,,,-1,
1536,24,18,139.233373,35.6112,,,-1,
1537,25,18,139.245181,35.6112,13201,八王子市,1,多摩中部
1538,26,18,139.256988,35.6112,13201,八王子市,1,多摩中部
1539,27,18,139.268795,35.6112,13201,八王子市,1,多摩中部
1540,28,18,139.280602,35.6112,,,-1,
1541,29,18,139.29241,35.6112,,,-1,
1542,30,18,139.304217,35.6112,13209,町田市,1,多摩中部
1543,31,18,139.316024,35.6112,13209,町田市,1,多摩中部
1544,32,18,139.327831,35.6112,13209,町田市,1,多摩中部
1545,33,18,139.339639,35.6112,13209,町田市,1,多摩中部
1546,34,18,139.351446,35.6112,13201,八王子市,1,多摩中部
1547,35,18,139.363253,35.6112,13201,八王子市,1,多摩中部
1548,36,18,139.37506,35.6112,13201,八王子市,1,多摩中部
1549,37,18,139.386867,35.6112,13201,八王子市,1,多摩中部
1550,38,18,139.398675,35.6112,13224,多摩市,1,多摩中部
1551,39,18,139.410482,35.6112,13224,多摩市,1,多摩中部
1552,40,18,139.422289,35.6112,13224,多摩市,1,多摩中部
1553,41,18,139.434096,35.6112,13224,多摩市,1,多摩中部
1554,42,18,139.445904,35.6112,13224,多摩市,1,多摩中部
1555,43,18,139.457711,35.6112,,,-1,
1556,44,18,139.469518,35.6112,,,-1,
1557,45,18,139.481325,35.6112,13225,稲城市,1,多摩中部
1558,46,18,139.493133,35.6112,13225,稲城市,1,多摩中部
1559,47,18,139.50494,35.6112,,,-1,
1560,48,18,139.516747,35.6112,,,-1,
1561,49,18,139.528554,35.6112,,,-1,
1562,50,18,139.540361,35.6112,,,-1,
1563,51,18,139.552169,35.6112,,,-1,
1564,52,18,139.563976,35.6112,,,-1,
1565,53,18,139.575783,35.6112,,,-1,
1566,54,18,139.58759,35.6112,,,-1,
1567,55,18,139.599398,35.6112,,,-1,
1568,56,18,139.611205,35.6112,,,-1,
1569,57,18,139.623012,35.6112,,,-1,
1570,58,18,139.634819,35.6112,13112,世田谷区,3,区部西
1571,59,18,139.646627,35.6112,13112,世田谷区,3,区部西
1572,60,18,139.658434,35.6112,13112,世田谷区,3,区部西
1573,61,18,139.670241,35.6112,13110,目黒区,3,区部西
1574,62,18,139.682048,35.6112,13110,目黒区,3,区部西
1575,63,18,139.693855,35.6112,13110,目黒区,3,区部西
1576,64,18,139.705663,35.6112,13109,品川区,3,区部西
1577,65,18,139.71747,35.6112,13109,品川区,3,区部西
1578,66,18,139.729277,35.6112,13109,品川区,3,区部西
1579,67,18,139.741084,35.6112,13109,品川区,3,区部西
1580,68,18,139.752892,35.6112,13109,品川区,3,区部西
1581,69,18,139.764699,35.6112,,,-1,
1582,70,18,139.776506,35.6112,,,-1,
1583,71,18,139.788313,35.6112,13108,江東区,5,城東
1584,72,18,139.80012,35.6112,,,-1,
1585,73,18,139.811928,35.6112,13108,江東区,5,城東
1586,74,18,139.823735,35.6112,,,-1,
1587,75,18,139.835542,35.6112,,,-1,
1588,76,18,139.847349,35.6112,,,-1,
1589,77,18,139.859157,35.6112,,,-1,
1590,78,18,139.870964,35.6112,,,-1,
1591,79,18,139.882771,35.6112,,,-1,
1592,80,18,139.894578,35.6112,,,-1,
1593,81,18,139.906386,35.6112,,,-1,
1594,82,18,139.918193,35.6112,,,-1,
1595,83,18,139.93,35.6112,,,-1,
1596,0,19,138.95,35.5996,,,-1,
1597,1,19,138.961807,35.5996,,,-1,
1598,2,19,138.973614,35.5996,,,-1,
1599,3,19,138.985422,35.5996,,,-1,
1600,4,19,138.997229,35.5996,,,-1,
1601,5,19,139.009036,35.5996,,,-1,
1602,6,19,139.020843,35.5996,,,-1,
1603,7,19,139.032651,35.5996,,,-1,
1604,8,19,139.044458,35.5996,,,-1,
1605,9,19,139.056265,35.5996,,,-1,
1606,10,19,139.068072,35.5996,,,-1,
1607,11,19,139.07988,35.5996,,,-1,
1608,12,19,139.091687,35.5996,,,-1,
1609,13,19,139.103494,35.5996,,,-1,
1610,14,19,139.115301,35.5996,,,-1,
1611,15,19,139.127108,35.5996,,,-1,
1612,16,19,139.138916,35.5996,,,-1,
1613,17,19,139.150723,35.5996,,,-1,
1614,18,19,139.16253,35.5996,,,-1,
1615,19,19,139.174337,35.5996,,,-1,
1616,20,19,139.186145,35.5996,,,-1,
1617,21,19,139.197952,35.5996,,,-1,
1618,22,19,139.209759,35.5996,,,-1,
1619,23,19,139.221566,35.5996,,,-1,
1620,24,19,139.233373,35.5996,,,-1,
1621,25,19,139.245181,35.5996,,,-1,
1622,26,19,139.256988,35.5996,,,-1,
1623,27,19,139.268795,35.5996,,,-1,
1624,28,19,139.280602,35.5996,,,-1,
1625,29,19,139.29241,35.5996,,,-1,
1626,30,19,139.304217,35.5996,,,-1,
1627,31,19,139.316024,35.5996,,,-1,
1628,32,19,139.327831,35.5996,,,-1,
1629,33,19,139.339639,35.5996,,,-1,
1630,34,19,139.351446,35.5996,,,-1,
1631,35,19,139.363253,35.5996,13209,町田市,1,多摩中部
1632,36,19,139.37506,35.5996,13209,町田市,1,多摩中部
1633,37,19,139.386867,35.5996,13209,町田市,1,多摩中部
1634,38,19,139.398675,35.5996,13209,町田市,1,多摩中部
1635,39,19,139.410482,35.5996,13209,町田市,1,多摩中部
1636,40,19,139.422289,35.5996,13209,町田市,1,多摩中部
1637,41,19,139.434096,35.5996,13209,町田市,1,多摩中部
1638,42,19,139.445904,35.5996,13209,町田市,1,多摩中部
1639,43,19,139.457711,35.5996,13209,町田市,1,多摩中部
1640,44,19,139.469518,35.5996,13209,町田市,1,多摩中部
1641,45,19,139.481325,35.5996,,,-1,
1642,46,19,139.493133,35.5996,,,-1,
1643,47,19,139.50494,35.5996,,,-1,
1644,48,19,139.516747,35.5996,,,-1,
1645,49,19,139.528554,35.5996,,,-1,
1646,50,19,139.540361,35.5996,,,-1,
1647,51,19,139.552169,35.5996,,,-1,
1648,52,19,139.563976,35.5996,,,-1,
1649,53,19,139.575783,35.5996,,,-1,
1650,54,19,139.58759,35.5996,,,-1,
1651,55,19,139.599398,35.5996,,,-1,
1652,56,19,139.611205,35.5996,,,-1,
1653,57,19,139.623012,35.5996,,,-1,
1654,58,19,139.634819,35.5996,,,-1,
1655,59,19,139.646627,35.5996,13112,世田谷区,3,区部西
1656,60,19,139.658434,35.5996,13112,世田谷区,3,区部西
1657,61,19,139.670241,35.5996,13112,世田谷区,3,区部西
1658,62,19,139.682048,35.5996,13111,大田区,5,城東
1659,63,19,139.693855,35.5996,13111,大田区,5,城東
1660,64,19,139.705663,35.5996,13111,大田区,5,城東
1661,65,19,139.71747,35.5996,13109,品川区,3,区部西
1662,66,19,139.729277,35.5996,13109,品川区,3,区部西
1663,67,19,139.741084,35.5996,13109,品川区,3,区部西
1664,68,19,139.752892,35.5996,13109,品川区,3,区部西
1665,69,19,139.764699,35.5996,13109,品川区,3,区部西
1666,70,19,139.776506,35.5996,,,-1,
1667,71,19,139.788313,35.5996,,,-1,
1668,72,19,139.80012,35.5996,13108,江東区,5,城東
1669,73,19,139.811928,35.5996,13108,江東区,5,城東
1670,74,19,139.823735,35.5996,13108,江東区,5,城東
1671,75,19,139.835542,35.5996,,,-1,
1672,76,19,139.847349,35.5996,,,-1,
1673,77,19,139.859157,35.5996,,,-1,
1674,78,19,139.870964,35.5996,,,-1,
1675,79,19,139.882771,35.5996,,,-1,
1676,80,19,139.894578,35.5996,,,-1,
1677,81,19,139.906386,35.5996,,,-1,
1678,82,19,139.918193,35.5996,,,-1,
1679,83,19,139.93,35.5996,,,-1,
1680,0,20,138.95,35.588,,,-1,
1681,1,20,138.961807,35.588,,,-1,
1682,2,20,138.973614,35.588,,,-1,
1683,3,20,138.985422,35.588,,,-1,
1684,4,20,138.997229,35.588,,,-1,
1685,5,20,139.009036,35.588,,,-1,
1686,6,20,139.020843,35.588,,,-1,
1687,7,20,139.032651,35.588,,,-1,
1688,8,20,139.044458,35.588,,,-1,
1689,9,20,139.056265,35.588,,,-1,
1690,10,20,139.068072,35.588,,,-1,
1691,11,20,139.07988,35.588,,,-1,
1692,12,20,139.091687,35.588,,,-1,
1693,13,20,139.103494,35.588,,,-1,
1694,14,20,139.115301,35.588,,,-1,
1695,15,20,139.127108,35.588,,,-1,
1696,16,20,139.138916,35.588,,,-1,
1697,17,20,139.150723,35.588,,,-1,
1698,18,20,139.16253,35.588,,,-1,
1699,19,20,139.174337,35.588,,,-1,
1700,20,20,139.186145,35.588,,,-1,
1701,21,20,139.197952,35.588,,,-1,
1702,22,20,139.209759,35.588,,,-1,
1703,23,20,139.221566,35.588,,,-1,
1704,24,20,139.233373,35.588,,,-1,
1705,25,20,139.245181,35.588,,,-1,
1706,26,20,139.256988,35.588,,,-1,
1707,27,20,139.268795,35.588,,,-1,
1708,28,20,139.280602,35.588,,,-1,
1709,29,20,139.29241,35.588,,,-1,
1710,30,20,139.304217,35.588,,,-1,
1711,31,20,139.316024,35.588,,,-1,
1712,32,20,139.327831,35.588,,,-1,
1713,33,20,139.339639,35.588,,,-1,
1714,34,20,139.351446,35.588,,,-1,
1715,35,20,139.363253,35.588,,,-1,
1716,36,20,139.37506,35.588,,,-1,
1717,37,20,139.386867,35.588,,,-1,
1718,38,20,139.398675,35.588,13209,町田市,1,多摩中部
1719,39,20,139.410482,35.588,13209,町田市,1,多摩中部
1720,40,20,139.422289,35.588,13209,町田市,1,多摩中部
1721,41,20,139.434096,35.588,13209,町田市,1,多摩中部
1722,42,20,139.445904,35.588,13209,町田市,1,多摩中部
1723,43,20,139.457711,35.588,13209,町田市,1,多摩中部
1724,44,20,139.469518,35.588,13209,町田市,1,多摩中部
1725,45,20,139.481325,35.588,13209,町田市,1,多摩中部
1726,46,20,139.493133,35.588,13209,町田市,1,多摩中部
1727,47,20,139.50494,35.588,,,-1,
1728,48,20,139.516747,35.588,,,-1,
1729,49,20,139.528554,35.588,,,-1,
1730,50,20,139.540361,35.588,,,-1,
1731,51,20,139.552169,35.588,,,-1,
1732,52,20,139.563976,35.588,,,-1,
1733,53,20,139.575783,35.588,,,-1,
1734,54,20,139.58759,35.588,,,-1,
1735,55,20,139.599398,35.588,,,-1,
1736,56,20,139.611205,35.588,,,-1,
1737,57,20,139.623012,35.588,,,-1,
1738,58,20,139.634819,35.588,,,-1,
1739,59,20,139.646627,35.588,,,-1,
1740,60,20,139.658434,35.588,,,-1,
1741,61,20,139.670241,35.588,13111,大田区,5,城東
1742,62,20,139.682048,35.588,13111,大田区,5,城東
1743,63,20,139.693855,35.588,13111,大田区,5,城東
1744,64,20,139.705663,35.588,13111,大田区,5,城東
1745,65,20,139.71747,35.588,13111,大田区,5,城東
1746,66,20,139.729277,35.588,13111,大田区,5,城東
1747,67,20,139.741084,35.588,13111,大田区,5,城東
1748,68,20,139.752892,35.588,13111,大田区,5,城東
1749,69,20,139.764699,35.588,13111,大田区,5,城東
1750,70,20,139.776506,35.588,,,-1,
1751,71,20,139.788313,35.588,,,-1,
1752,72,20,139.80012,35.588,,,-1,
1753,73,20,139.811928,35.588,,,-1,
1754,74,20,139.823735,35.588,,,-1,
1755,75,20,139.835542,35.588,,,-1,
1756,76,20,139.847349,35.588,,,-1,
1757,77,20,139.859157,35.588,,,-1,
1758,78,20,139.870964,35.588,,,-1,
1759,79,20,139.882771,35.588,,,-1,
1760,80,20,139.894578,35.588,,,-1,
1761,81,20,139.906386,35.588,,,-1,
1762,82,20,139.918193,35.588,,,-1,
1763,83,20,139.93,35.588,,,-1,
1764,0,21,138.95,35.5764,,,-1,
1765,1,21,138.961807,35.5764,,,-1,
1766,2,21,138.973614,35.5764,,,-1,
1767,3,21,138.985422,35.5764,,,-1,
1768,4,21,138.997229,35.5764,,,-1,
1769,5,21,139.009036,35.5764,,,-1,
1770,6,21,139.020843,35.5764,,,-1,
1771,7,21,139.032651,35.5764,,,-1,
1772,8,21,139.044458,35.5764,,,-1,
1773,9,21,139.056265,35.5764,,,-1,
1774,10,21,139.068072,35.5764,,,-1,
1775,11,21,139.07988,35.5764,,,-1,
1776,12,21,139.091687,35.5764,,,-1,
1777,13,21,139.103494,35.5764,,,-1,
1778,14,21,139.115301,35.5764,,,-1,
1779,15,21,139.127108,35.5764,,,-1,
1780,16,21,139.138916,35.5764,,,-1,
1781,17,21,139.150723,35.5764,,,-1,
1782,18,21,139.16253,35.5764,,,-1,
1783,19,21,139.174337,35.5764,,,-1,
1784,20,21,139.186145,35.5764,,,-1,
1785,21,21,139.197952,35.5764,,,-1,
1786,22,21,139.209759,35.5764,,,-1,
1787,23,21,139.221566,35.5764,,,-1,
1788,24,21,139.233373,35.5764,,,-1,
1789,25,21,139.245181,35.5764,,,-1,
1790,26,21,139.256988,35.5764,,,-1,
1791,27,21,139.268795,35.5764,,,-1,
1792,28,21,139.280602,35.5764,,,-1,
1793,29,21,139.29241,35.5764,,,-1,
1794,30,21,139.304217,35.5764,,,-1,
1795,31,21,139.316024,35.5764,,,-1,
1796,32,21,139.327831,35.5764,,,-1,
1797,33,21,139.339639,35.5764,,,-1,
1798,34,21,139.351446,35.5764,,,-1,
1799,35,21,139.363253,35.5764,,,-1,
1800,36,21,139.37506,35.5764,,,-1,
1801,37,21,139.386867,35.5764,,,-1,
1802,38,21,139.398675,35.5764,,,-1,
1803,39,21,139.410482,35.5764,13209,町田市,1,多摩中部
1804,40,21,139.422289,35.5764,13209,町田市,1,多摩中部
1805,41,21,139.434096,35.5764,13209,町田市,1,多摩中部
1806,42,21,139.445904,35.5764,13209,町田市,1,多摩中部
1807,43,21,139.457711,35.5764,13209,町田市,1,多摩中部
1808,44,21,139.469518,35.5764,13209,町田市,1,多摩中部
1809,45,21,139.481325,35.5764,,,-1,
1810,46,21,139.493133,35.5764,13209,町田市,1,多摩中部
1811,47,21,139.50494,35.5764,,,-1,
1812,48,21,139.516747,35.5764,,,-1,
1813,49,21,139.528554,35.5764,,,-1,
1814,50,21,139.540361,35.5764,,,-1,
1815,51,21,139.552169,35.5764,,,-1,
1816,52,21,139.563976,35.5764,,,-1,
1817,53,21,139.575783,35.5764,,,-1,
1818,54,21,139.58759,35.5764,,,-1,
1819,55,21,139.599398,35.5764,,,-1,
1820,56,21,139.611205,35.5764,,,-1,
1821,57,21,139.623012,35.5764,,,-1,
1822,58,21,139.634819,35.5764,,,-1,
1823,59,21,139.646627,35.5764,,,-1,
1824,60,21,139.658434,35.5764,,,-1,
1825,61,21,139.670241,35.5764,,,-1,
1826,62,21,139.682048,35.5764,13111,大田区,5,城東
1827,63,21,139.693855,35.5764,13111,大田区,5,城東
1828,64,21,139.705663,35.5764,13111,大田区,5,城東
1829,65,21,139.71747,35.5764,13111,大田区,5,城東
1830,66,21,139.729277,35.5764,13111,大田区,5,城東
1831,67,21,139.741084,35.5764,13111,大田区,5,城東
1832,68,21,139.752892,35.5764,,,-1,
1833,69,21,139.764699,35.5764,,,-1,
1834,70,21,139.776506,35.5764,,,-1,
1835,71,21,139.788313,35.5764,,,-1,
1836,72,21,139.80012,35.5764,,,-1,
1837,73,21,139.811928,35.5764,,,-1,
1838,74,21,139.823735,35.5764,,,-1,
1839,75,21,139.835542,35.5764,,,-1,
1840,76,21,139.847349,35.5764,,,-1,
1841,77,21,139.859157,35.5764,,,-1,
1842,78,21,139.870964,35.5764,,,-1,
1843,79,21,139.882771,35.5764,,,-1,
1844,80,21,139.894578,35.5764,,,-1,
1845,81,21,139.906386,35.5764,,,-1,
1846,82,21,139.918193,35.5764,,,-1,
1847,83,21,139.93,35.5764,,,-1,
1848,0,22,138.95,35.5648,,,-1,
1849,1,22,138.961807,35.5648,,,-1,
1850,2,22,138.973614,35.5648,,,-1,
1851,3,22,138.985422,35.5648,,,-1,
1852,4,22,138.997229,35.5648,,,-1,
1853,5,22,139.009036,35.5648,,,-1,
1854,6,22,139.020843,35.5648,,,-1,
1855,7,22,139.032651,35.5648,,,-1,
1856,8,22,139.044458,35.5648,,,-1,
1857,9,22,139.056265,35.5648,,,-1,
1858,10,22,139.068072,35.5648,,,-1,
1859,11,22,139.07988,35.5648,,,-1,
1860,12,22,139.091687,35.5648,,,-1,
1861,13,22,139.103494,35.5648,,,-1,
1862,14,22,139.115301,35.5648,,,-1,
1863,15,22,139.127108,35.5648,,,-1,
1864,16,22,139.138916,35.5648,,,-1,
1865,17,22,139.150723,35.5648,,,-1,
1866,18,22,139.16253,35.5648,,,-1,
1867,19,22,139.174337,35.5648,,,-1,
1868,20,22,139.186145,35.5648,,,-1,
1869,21,22,139.197952,35.5648,,,-1,
1870,22,22,139.209759,35.5648,,,-1,
1871,23,22,139.221566,35.5648,,,-1,
1872,24,22,139.233373,35.5648,,,-1,
1873,25,22,139.245181,35.5648,,,-1,
1874,26,22,139.256988,35.5648,,,-1,
1875,27,22,139.268795,35.5648,,,-1,
1876,28,22,139.280602,35.5648,,,-1,
1877,29,22,139.29241,35.5648,,,-1,
1878,30,22,139.304217,35.5648,,,-1,
1879,31,22,139.316024,35.5648,,,-1,
1880,32,22,139.327831,35.5648,,,-1,
1881,33,22,139.339639,35.5648,,,-1,
1882,34,22,139.351446,35.5648,,,-1,
1883,35,22,139.363253,35.5648,,,-1,
1884,36,22,139.37506,35.5648,,,-1,
1885,37,22,139.386867,35.5648,,,-1,
1886,38,22,139.398675,35.5648,,,-1,
1887,39,22,139.410482,35.5648,,,-1,
1888,40,22,139.422289,35.5648,13209,町田市,1,多摩中部
1889,41,22,139.434096,35.5648,13209,町田市,1,多摩中部
1890,42,22,139.445904,35.5648,13209,町田市,1,多摩中部
1891,43,22,139.457711,35.5648,13209,町田市,1,多摩中部
1892,44,22,139.469518,35.5648,,,-1,
1893,45,22,139.481325,35.5648,,,-1,
1894,46,22,139.493133,35.5648,13209,町田市,1,多摩中部
1895,47,22,139.50494,35.5648,,,-1,
1896,48,22,139.516747,35.5648,,,-1,
1897,49,22,139.528554,35.5648,,,-1,
1898,50,22,139.540361,35.5648,,,-1,
1899,51,22,139.552169,35.5648,,,-1,
1900,52,22,139.563976,35.5648,,,-1,
1901,53,22,139.575783,35.5648,,,-1,
1902,54,22,139.58759,35.5648,,,-1,
1903,55,22,139.599398,35.5648,,,-1,
1904,56,22,139.611205,35.5648,,,-1,
1905,57,22,139.623012,35.5648,,,-1,
1906,58,22,139.634819,35.5648,,,-1,
1907,59,22,139.646627,35.5648,,,-1,
1908,60,22,139.658434,35.5648,,,-1,
1909,61,22,139.670241,35.5648,,,-1,
1910,62,22,139.682048,35.5648,13111,大田区,5,城東
1911,63,22,139.693855,35.5648,13111,大田区,5,城東
1912,64,22,139.705663,35.5648,13111,大田区,5,城東
1913,65,22,139.71747,35.5648,13111,大田区,5,城東
1914,66,22,139.729277,35.5648,13111,大田区,5,城東
1915,67,22,139.741084,35.5648,13111,大田区,5,城東
1916,68,22,139.752892,35.5648,,,-1,
1917,69,22,139.764699,35.5648,,,-1,
1918,70,22,139.776506,35.5648,13111,大田区,5,城東
1919,71,22,139.788313,35.5648,13111,大田区,5,城東
1920,72,22,139.80012,35.5648,,,-1,
1921,73,22,139.811928,35.5648,,,-1,
1922,74,22,139.823735,35.5648,,,-1,
1923,75,22,139.835542,35.5648,,,-1,
1924,76,22,139.847349,35.5648,,,-1,
1925,77,22,139.859157,35.5648,,,-1,
1926,78,22,139.870964,35.5648,,,-1,
1927,79,22,139.882771,35.5648,,,-1,
1928,80,22,139.894578,35.5648,,,-1,
1929,81,22,139.906386,35.5648,,,-1,
1930,82,22,139.918193,35.5648,,,-1,
1931,83,22,139.93,35.5648,,,-1,
1932,0,23,138.95,35.5532,,,-1,
1933,1,23,138.961807,35.5532,,,-1,
1934,2,23,138.973614,35.5532,,,-1,
1935,3,23,138.985422,35.5532,,,-1,
1936,4,23,138.997229,35.5532,,,-1,
1937,5,23,139.009036,35.5532,,,-1,
1938,6,23,139.020843,35.5532,,,-1,
1939,7,23,139.032651,35.5532,,,-1,
1940,8,23,139.044458,35.5532,,,-1,
1941,9,23,139.056265,35.5532,,,-1,
1942,10,23,139.068072,35.5532,,,-1,
1943,11,23,139.07988,35.5532,,,-1,
1944,12,23,139.091687,35.5532,,,-1,
1945,13,23,139.103494,35.5532,,,-1,
1946,14,23,139.115301,35.5532,,,-1,
1947,15,23,139.127108,35.5532,,,-1,
1948,16,23,139.138916,35.5532,,,-1,
1949,17,23,139.150723,35.5532,,,-1,
1950,18,23,139.16253,35.5532,,,-1,
1951,19,23,139.174337,35.5532,,,-1,
1952,20,23,139.186145,35.5532,,,-1,
1953,21,23,139.197952,35.5532,,,-1,
1954,22,23,139.209759,35.5532,,,-1,
1955,23,23,139.221566,35.5532,,,-1,
1956,24,23,139.233373,35.5532,,,-1,
1957,25,23,139.245181,35.5532,,,-1,
1958,26,23,139.256988,35.5532,,,-1,
1959,27,23,139.268795,35.5532,,,-1,
1960,28,23,139.280602,35.5532,,,-1,
1961,29,23,139.29241,35.5532,,,-1,
1962,30,23,139.304217,35.5532,,,-1,
1963,31,23,139.316024,35.5532,,,-1,
1964,32,23,139.327831,35.5532,,,-1,
1965,33,23,139.339639,35.5532,,,-1,
1966,34,23,139.351446,35.5532,,,-1,
1967,35,23,139.363253,35.5532,,,-1,
1968,36,23,139.37506,35.5532,,,-1,
1969,37,23,139.386867,35.5532,,,-1,
1970,38,23,139.398675,35.5532,,,-1,
1971,39,23,139.410482,35.5532,,,-1,
1972,40,23,139.422289,35.5532,,,-1,
1973,41,23,139.434096,35.5532,13209,町田市,1,多摩中部
1974,42,23,139.445904,35.5532,13209,町田市,1,多摩中部
1975,43,23,139.457711,35.5532,13209,町田市,1,多摩中部
1976,44,23,139.469518,35.5532,13209,町田市,1,多摩中部
1977,45,23,139.481325,35.5532,13209,町田市,1,多摩中部
1978,46,23,139.493133,35.5532,,,-1,
1979,47,23,139.50494,35.5532,,,-1,
1980,48,23,139.516747,35.5532,,,-1,
1981,49,23,139.528554,35.5532,,,-1,
1982,50,23,139.540361,35.5532,,,-1,
1983,51,23,139.552169,35.5532,,,-1,
1984,52,23,139.563976,35.5532,,,-1,
1985,53,23,139.575783,35.5532,,,-1,
1986,54,23,139.58759,35.5532,,,-1,
1987,55,23,139.599398,35.5532,,,-1,
1988,56,23,139.611205,35.5532,,,-1,
1989,57,23,139.623012,35.5532,,,-1,
1990,58,23,139.634819,35.5532,,,-1,
1991,59,23,139.646627,35.5532,,,-1,
1992,60,23,139.658434,35.5532,,,-1,
1993,61,23,139.670241,35.5532,,,-1,
1994,62,23,139.682048,35.5532,,,-1,
1995,63,23,139.693855,35.5532,,,-1,
1996,64,23,139.705663,35.5532,13111,大田区,5,城東
1997,65,23,139.71747,35.5532,13111,大田区,5,城東
1998,66,23,139.729277,35.5532,13111,大田区,5,城東
1999,67,23,139.741084,35.5532,13111,大田区,5,城東
2000,68,23,139.752892,35.5532,13111,大田区,5,城東
2001,69,23,139.764699,35.5532,13111,大田区,5,城東
2002,70,23,139.776506,35.5532,13111,大田区,5,城東
2003,71,23,139.788313,35.5532,13111,大田区,5,城東
2004,72,23,139.80012,35.5532,,,-1,
2005,73,23,139.811928,35.5532,,,-1,
2006,74,23,139.823735,35.5532,,,-1,
2007,75,23,139.835542,35.5532,,,-1,
2008,76,23,139.847349,35.5532,,,-1,
2009,77,23,139.859157,35.5532,,,-1,
2010,78,23,139.870964,35.5532,,,-1,
2011,79,23,139.882771,35.5532,,,-1,
2012,80,23,139.894578,35.5532,,,-1,
2013,81,23,139.906386,35.5532,,,-1,
2014,82,23,139.918193,35.5532,,,-1,
2015,83,23,139.93,35.5532,,,-1,
2016,0,24,138.95,35.5416,,,-1,
2017,1,24,138.961807,35.5416,,,-1,
2018,2,24,138.973614,35.5416,,,-1,
2019,3,24,138.985422,35.5416,,,-1,
2020,4,24,138.997229,35.5416,,,-1,
2021,5,24,139.009036,35.5416,,,-1,
2022,6,24,139.020843,35.5416,,,-1,
2023,7,24,139.032651,35.5416,,,-1,
2024,8,24,139.044458,35.5416,,,-1,
2025,9,24,139.056265,35.5416,,,-1,
2026,10,24,139.068072,35.5416,,,-1,
2027,11,24,139.07988,35.5416,,,-1,
2028,12,24,139.091687,35.5416,,,-1,
2029,13,24,139.103494,35.5416,,,-1,
2030,14,24,139.115301,35.5416,,,-1,
2031,15,24,139.127108,35.5416,,,-1,
2032,16,24,139.138916,35.5416,,,-1,
2033,17,24,139.150723,35.5416,,,-1,
2034,18,24,139.16253,35.5416,,,-1,
2035,19,24,139.174337,35.5416,,,-1,
2036,20,24,139.186145,35.5416,,,-1,
2037,21,24,139.197952,35.5416,,,-1,
2038,22,24,139.209759,35.5416,,,-1,
2039,23,24,139.221566,35.5416,,,-1,
2040,24,24,139.233373,35.5416,,,-1,
2041,25,24,139.245181,35.5416,,,-1,
2042,26,24,139.256988,35.5416,,,-1,
2043,27,24,139.268795,35.5416,,,-1,
2044,28,24,139.280602,35.5416,,,-1,
2045,29,24,139.29241,35.5416,,,-1,
2046,30,24,139.304217,35.5416,,,-1,
2047,31,24,139.316024,35.5416,,,-1,
2048,32,24,139.327831,35.5416,,,-1,
2049,33,24,139.339639,35.5416,,,-1,
2050,34,24,139.351446,35.5416,,,-1,
2051,35,24,139.363253,35.5416,,,-1,
2052,36,24,139.37506,35.5416,,,-1,
2053,37,24,139.386867,35.5416,,,-1,
2054,38,24,139.398675,35.5416,,,-1,
2055,39,24,139.410482,35.5416,,,-1,
2056,40,24,139.422289,35.5416,,,-1,
2057,41,24,139.434096,35.5416,,,-1,
2058,42,24,139.445904,35.5416,13209,町田市,1,多摩中部
2059,43,24,139.457711,35.5416,13209,町田市,1,多摩中部
2060,44,24,139.469518,35.5416,13209,町田市,1,多摩中部
2061,45,24,139.481325,35.5416,,,-1,
2062,46,24,139.493133,35.5416,,,-1,
2063,47,24,139.50494,35.5416,,,-1,
2064,48,24,139.516747,35.5416,,,-1,
2065,49,24,139.528554,35.5416,,,-1,
2066,50,24,139.540361,35.5416,,,-1,
2067,51,24,139.552169,35.5416,,,-1,
2068,52,24,139.563976,35.5416,,,-1,
2069,53,24,139.575783,35.5416,,,-1,
2070,54,24,139.58759,35.5416,,,-1,
2071,55,24,139.599398,35.5416,,,-1,
2072,56,24,139.611205,35.5416,,,-1,
2073,57,24,139.623012,35.5416,,,-1,
2074,58,24,139.634819,35.5416,,,-1,
2075,59,24,139.646627,35.5416,,,-1,
2076,60,24,139.658434,35.5416,,,-1,
2077,61,24,139.670241,35.5416,,,-1,
2078,62,24,139.682048,35.5416,,,-1,
2079,63,24,139.693855,35.5416,,,-1,
2080,64,24,139.705663,35.5416,13111,大田区,5,城東
2081,65,24,139.71747,35.5416,13111,大田区,5,城東
2082,66,24,139.729277,35.5416,,,-1,
2083,67,24,139.741084,35.5416,,,-1,
2084,68,24,139.752892,35.5416,,,-1,
2085,69,24,139.764699,35.5416,13111,大田区,5,城東
2086,70,24,139.776506,35.5416,13111,大田区,5,城東
2087,71,24,139.788313,35.5416,13111,大田区,5,城東
2088,72,24,139.80012,35.5416,13111,大田区,5,城東
2089,73,24,139.811928,35.5416,,,-1,
2090,74,24,139.823735,35.5416,13111,大田区,5,城東
2091,75,24,139.835542,35.5416,,,-1,
2092,76,24,139.847349,35.5416,,,-1,
2093,77,24,139.859157,35.5416,,,-1,
2094,78,24,139.870964,35.5416,,,-1,
2095,79,24,139.882771,35.5416,,,-1,
2096,80,24,139.894578,35.5416,,,-1,
2097,81,24,139.906386,35.5416,,,-1,
2098,82,24,139.918193,35.5416,,,-1,
2099,83,24,139.93,35.5416,,,-1,
2100,0,25,138.95,35.53,,,-1,
2101,1,25,138.961807,35.53,,,-1,
2102,2,25,138.973614,35.53,,,-1,
2103,3,25,138.985422,35.53,,,-1,
2104,4,25,138.997229,35.53,,,-1,
2105,5,25,139.009036,35.53,,,-1,
2106,6,25,139.020843,35.53,,,-1,
2107,7,25,139.032651,35.53,,,-1,
2108,8,25,139.044458,35.53,,,-1,
2109,9,25,139.056265,35.53,,,-1,
2110,10,25,139.068072,35.53,,,-1,
2111,11,25,139.07988,35.53,,,-1,
2112,12,25,139.091687,35.53,,,-1,
2113,13,25,139.103494,35.53,,,-1,
2114,14,25,139.115301,35.53,,,-1,
2115,15,25,139.127108,35.53,,,-1,
2116,16,25,139.138916,35.53,,,-1,
2117,17,25,139.150723,35.53,,,-1,
2118,18,25,139.16253,35.53,,,-1,
2119,19,25,139.174337,35.53,,,-1,
2120,20,25,139.186145,35.53,,,-1,
2121,21,25,139.197952,35.53,,,-1,
2122,22,25,139.209759,35.53,,,-1,
2123,23,25,139.221566,35.53,,,-1,
2124,24,25,139.233373,35.53,,,-1,
2125,25,25,139.245181,35.53,,,-1,
2126,26,25,139.256988,35.53,,,-1,
2127,27,25,139.268795,35.53,,,-1,
2128,28,25,139.280602,35.53,,,-1,
2129,29,25,139.29241,35.53,,,-1,
2130,30,25,139.304217,35.53,,,-1,
2131,31,25,139.316024,35.53,,,-1,
2132,32,25,139.327831,35.53,,,-1,
2133,33,25,139.339639,35.53,,,-1,
2134,34,25,139.351446,35.53,,,-1,
2135,35,25,139.363253,35.53,,,-1,
2136,36,25,139.37506,35.53,,,-1,
2137,37,25,139.386867,35.53,,,-1,
2138,38,25,139.398675,35.53,,,-1,
2139,39,25,139.410482,35.53,,,-1,
2140,40,25,139.422289,35.53,,,-1,
2141,41,25,139.434096,35.53,,,-1,
2142,42,25,139.445904,35.53,,,-1,
2143,43,25,139.457711,35.53,13209,町田市,1,多摩中部
2144,44,25,139.469518,35.53,13209,町田市,1,多摩中部
2145,45,25,139.481325,35.53,13209,町田市,1,多摩中部
2146,46,25,139.493133,35.53,,,-1,
2147,47,25,139.50494,35.53,,,-1,
2148,48,25,139.516747,35.53,,,-1,
2149,49,25,139.528554,35.53,,,-1,
2150,50,25,139.540361,35.53,,,-1,
2151,51,25,139.552169,35.53,,,-1,
2152,52,25,139.563976,35.53,,,-1,
2153,53,25,139.575783,35.53,,,-1,
2154,54,25,139.58759,35.53,,,-1,
2155,55,25,139.599398,35.53,,,-1,
2156,56,25,139.611205,35.53,,,-1,
2157,57,25,139.623012,35.53,,,-1,
2158,58,25,139.634819,35.53,,,-1,
2159,59,25,139.646627,35.53,,,-1,
2160,60,25,139.658434,35.53,,,-1,
2161,61,25,139.670241,35.53,,,-1,
2162,62,25,139.682048,35.53,,,-1,
2163,63,25,139.693855,35.53,,,-1,
2164,64,25,139.705663,35.53,,,-1,
2165,65,25,139.71747,35.53,,,-1,
2166,66,25,139.729277,35.53,,,-1,
2167,67,25,139.741084,35.53,,,-1,
2168,68,25,139.752892,35.53,,,-1,
2169,69,25,139.764699,35.53,,,-1,
2170,70,25,139.776506,35.53,,,-1,
2171,71,25,139.788313,35.53,,,-1,
2172,72,25,139.80012,35.53,,,-1,
2173,73,25,139.811928,35.53,13111,大田区,5,城東
2174,74,25,139.823735,35.53,,,-1,
2175,75,25,139.835542,35.53,,,-1,
2176,76,25,139.847349,35.53,,,-1,
2177,77,25,139.859157,35.53,,,-1,
2178,78,25,139.870964,35.53,,,-1,
2179,79,25,139.882771,35.53,,,-1,
2180,80,25,139.894578,35.53,,,-1,
2181,81,25,139.906386,35.53,,,-1,
2182,82,25,139.918193,35.53,,,-1,
2183,83,25,139.93,35.53,,,-1,
